0.003060900296  -0.002441632639  -0.03774964743  -0.0229475963  -0.05084005487  0.1003240421  0.06539990777  0.3401802411  0.05455235703  
-0.05240992545  -0.04955143281  -0.263108911  0.1577145194  -0.02593712223  0.01583393639  0.1473602483  -0.02932440526  -0.4192053465  
-0.09158449427  0.05314119919  0.04789151257  -0.3491205053  -0.09385890498  -0.07754879394  0.058835051  0.1240257149  0.06001771812  
-0.01772477585  0.04770885259  0.04547015375  0.02405835412  -0.08329557226  0.04893185348  0.03411362386  0.306294598  0.002219360039  
-0.02689288664  0.02041587134  -0.003693548412  0.05030975252  -0.1288166962  0.2410150711  -0.1439278871  0.44922084  0.01537788081  
0.08893001936  -0.1024841031  -0.1206946818  -0.04662648883  -0.298541444  0.1885688264  0.2360263221  -0.4357636069  -0.7669502396  
0.02125395698  0.0403782225  0.03536031167  -0.004098181047  -0.1504487873  0.1580447869  0.009357930466  -0.01532507173  0.1687712256  
0.1171089063  0.04520920547  -0.06894520164  -0.1555197925  -0.1399741955  0.06533595806  0.0513616888  -0.0952928903  0.3724687927  
-0.09115338941  0.05108095846  0.04049794714  0.06117489064  -0.1004079172  0.1002506051  0.02987406746  0.09011338738  0.2470878654  
-0.04718628612  -0.08514143486  0.007971947241  0.03453254557  -0.2531887229  -0.09531770788  0.1391556388  -0.301103389  0.2375559971  
0.1010394932  0.08140333994  -0.01999892792  -0.151770105  -0.03411702694  0.1531714139  0.09350658021  0.2926047546  0.01123634585  
0.07347237544  0.09553202753  0.1502913636  -0.09147565305  -0.1099241985  0.2439333635  0.09633156268  0.03512211902  0.3080640865  
0.03024362506  0.02413821655  -0.03898517363  0.1217908471  0.02576543807  0.09725909337  0.2941923089  -0.1296370678  -0.7263078978  
-0.08307901374  -0.01553813078  -0.1403926069  0.0302561423  -0.09356299799  -0.1153751242  -0.1157117119  0.0465486877  0.08552931253  
-0.08274778584  -0.02989846435  0.07774406312  0.03322646863  0.0762727408  0.2268579628  0.1894091783  -0.2161260768  -0.6706921153  
-0.08726482037  -0.0711590118  -0.08500611067  0.01429182517  0.06469212578  -0.08988178144  0.2617348608  -0.4221929284  -0.5311299932  
0.06336678591  0.04595384683  0.1601401394  0.1062330324  -0.2757027155  -0.2644624063  -0.2207171641  0.1727397482  -0.08530059634  
0.02919083396  -0.04466900947  0.01186628273  0.06144576082  0.02716377134  -0.1266996494  0.1184515571  0.1334811202  0.2678407913  
-0.01334971549  0.05314738198  0.05370616621  -0.02984518356  -0.04748208439  0.1973681731  -0.0446548679  0.5285938884  -0.1351356673  
0.03163745338  0.01712970873  0.05847561288  0.08697857296  0.009962357977  0.1223155402  0.1668832019  -0.1410299727  0.0543514636  
-0.0153931821  0.1004011333  0.1057122353  -0.1165958113  -0.02062859055  0.05940132851  0.0695115729  0.1358264845  0.1835832428  
-0.004820950326  -0.005906121776  0.1134057775  -0.04077150355  -0.1260719102  0.02446590161  0.1371586085  -0.00366812377  0.2430490792  
0.02607121269  0.0658777016  0.08650717405  -0.06062987595  -0.1986148296  0.06259549511  0.07907057214  -0.2225905416  0.4239477527  
-0.2306319573  -0.1049007683  0.01533935884  0.122319358  -0.1163827521  0.07416741283  0.2081225531  -0.3584823687  -0.4775505442  
-0.09043193937  -0.02429741663  -0.0256790627  -0.1374428875  0.07747864012  -0.2199757649  0.2471018147  -0.3022490812  0.4607905916  
-0.06118046331  0.03517046723  0.0004803655604  -0.01028274229  -0.1315810708  0.01584087506  -0.1299827004  0.3239044528  0.04644736391  
0.075440224  -0.3106832622  0.1027369586  -0.2817363831  -0.1080408876  0.05858007949  -0.006422290834  0.1869801995  -1.066287849  
0.1016582298  0.009079676278  0.04871591956  -0.01180561662  0.002572377475  0.07477757705  0.1421147111  0.05186443384  0.2180092312  
-0.03098131402  -0.01435096528  -0.07391406776  -0.06580143709  0.07553851215  0.05511823915  -0.1244776815  0.4506808638  -0.1668926657  
-0.004679385471  0.0507165059  -0.05352086564  -0.03192235132  -0.08452444948  0.05855465167  -0.05852269589  0.2813109294  0.07891670803  
-0.02462915668  0.1074386396  0.009040830767  -0.119844771  -0.1396971654  0.05647075724  0.1680293778  0.199237012  -0.3919499116  
-0.1368457549  0.01353001799  -0.1453531573  0.02454331206  0.05826734718  -0.2629455429  0.06768368091  0.06341297533  0.2242032991  
-0.0593958685  0.1691631359  -0.04745094311  0.1061384508  0.05265790134  -0.4839331068  -0.1629578302  0.3481606973  -0.1577616494  
-0.05067855821  0.04451361843  0.2302144531  -0.1555758537  -2.633995261e-05  0.01296417009  -0.03141519264  0.2268146247  -0.821943821  
0.1447724862  0.04303675593  0.1381945768  -0.04827246274  -0.1676225765  -0.3199917337  -0.04750583267  0.3099267134  -0.2031201476  
0.3405855109  0.1690432869  0.2150186101  0.09879368994  -0.05714842593  -0.4542181933  -0.2748819619  0.2340409831  -0.127568484  
-0.06425708546  0.06935380079  0.05117100366  -0.2032482869  -0.1068872272  -0.1758515963  0.1277421418  -0.00959979809  0.1528920366  
-0.02838714853  0.07613124101  0.07184118598  -0.040541434  -0.01395850714  -0.02825001821  0.3153216927  -0.136812436  0.3090679213  
0.3707206743  0.04154733911  0.09281340823  0.03124007433  -0.1645048841  -0.3746935581  0.02254449829  -0.01036700122  -0.1516831687  
0.2951123535  0.19478829  0.2128091549  0.1600097521  -0.104410681  -0.5406863532  -0.04929604892  -0.09778351844  0.1164373567  
0.02888923521  0.08215789442  0.08381384946  0.03159307413  0.01023149716  -0.000216984085  0.3601147152  -0.3038518113  0.5160276889  
-0.02528007945  0.1549331951  0.2304659362  0.007697501379  0.0721187609  -0.008985392692  0.3607726117  -0.3076542058  0.4651053489  
0.07761099879  -0.02232805512  -0.08826344272  -0.07452551815  0.1064514706  -0.1329061612  0.14013323  -0.1174550227  0.4786639573  
-0.08760009719  -0.02030741358  0.08338594781  0.1869730927  -0.1502504775  -0.04065944557  0.1450348993  0.07195007158  0.1347816871  
0.283865795  0.04512695932  -0.1327271034  0.05453278271  0.2755959128  0.1882607573  0.1515096058  0.09242353394  0.3811923703  
-0.1958976215  0.03610142637  0.07485260306  0.02026233311  -0.1715513861  -0.4044294384  0.1665543352  -0.03359215005  0.1627827118  
0.08768642526  0.07783571975  -0.07015560541  -0.03009840812  0.1598557192  -0.07934484165  0.2126724162  -0.01351773911  0.1533453715  
0.0214464473  0.01135525438  -0.01206506367  0.000499480213  0.02106652614  0.0149340447  0.05474648914  0.327673154  0.07429197258  
-0.01971335769  0.08345084627  -0.02999633431  0.08736798957  -0.0519258033  -0.0197257672  0.11562512  0.1399742088  0.226231041  
-0.03747680292  -0.01448683887  -0.1760503335  -0.0633535441  -0.01856868947  -0.1124741383  0.1153011032  0.07392910441  0.2722516552  
-0.1481272774  0.04688453518  -0.05163082912  -0.046340681  -0.03966860898  -0.1504615333  -0.1314332356  0.4227614184  -0.0422482099  
0.2332592646  -0.1396555549  -0.2317342333  0.000924208795  0.4696961556  0.1525350242  0.07201117316  0.2675090761  -0.1094714236  
0.1942005385  -0.1625291673  -0.05800674608  0.03682058508  0.08332999911  0.1831327478  0.129376243  -0.3907780733  0.04969576945  
0.09898603453  -0.08817485829  -0.05844223142  0.02882726359  0.09726634573  0.2320927018  0.1115413084  0.1071471574  0.04841940368  
0.09313931716  -0.0735275509  -0.07709767185  -0.01637252562  0.005760343054  0.1891696139  0.049013603  0.2414248039  0.0965177133  
0.2227476974  -0.4340798166  0.123435944  -0.2246354566  0.1309605577  0.05852461868  0.09295971174  -0.2188356043  0.3284219648  
0.1028286298  -0.07307290204  -0.1884734675  -0.1817167446  0.1458537811  0.1404370952  -0.1873889276  0.2018510813  0.1509886763  
0.05227404317  -0.01113730258  0.04640506794  -0.06201577546  -0.08160138974  0.1814495046  0.08355080176  0.09997272188  0.2999539797  
0.07920990351  0.0202479067  0.004287528232  -0.08520701474  -0.0355637561  0.09123755064  0.08878333937  0.1394167437  0.2251990255  
-0.05400336177  -0.02096040608  -0.02094369885  -0.04484512457  0.02623837093  0.02113671715  0.04506242719  0.3868269473  0.0394216853  
0.1478537829  -0.05211257891  -0.05831727852  -0.05659841968  0.06550012816  0.1053320169  0.06620533738  0.1490807572  0.2739713272  
-0.1093642332  -0.005897780751  -0.02662328071  -0.0210290738  -0.1584569989  0.01650452945  -0.03460568564  0.3491563702  0.040913359  
0.09621573748  0.01333181821  0.04128894273  -0.1251713415  -0.03666821905  -0.06026478491  0.1491827949  -0.1095602244  0.3168580124  
-0.04560153681  -0.1401865641  -0.02541018551  -0.1370611307  -0.01200619425  0.02171081953  0.044188717  0.1730286049  -0.1050953636  
0.06355267545  0.05309242322  0.002619681043  -0.07398921264  -0.03247027556  0.1446622404  0.04882759231  0.1426470826  0.2497011939  
-0.02894227786  0.08637162231  0.06952841468  -0.1512586471  0.06436114851  -0.01150971377  0.2673057864  -0.05581811967  0.1734301731  
0.06078539973  0.002475166495  0.008866368271  -0.03417980683  0.008917173048  0.150420789  0.03644164735  0.1913315004  0.1984106095  
0.2975533493  -0.01959331205  0.1345977384  0.139618284  -0.001736487364  -0.5519188965  -0.1507473724  -0.04168087207  -0.02509479514  
0.2063497443  0.0440975295  -0.155334995  -0.05573516355  0.1215478616  0.07956912286  0.1054263713  0.03184813547  0.3735877341  
0.07244124002  0.001584213285  -0.06170616027  -0.1092442705  0.0530644621  0.03264531494  -0.004131002038  0.3843208391  0.02055245091  
0.1186301687  -0.03548565234  0.03069524039  -0.09093565639  -0.0745049999  0.1489413818  0.1979608252  -0.1781307976  0.437879423  
0.07475135793  -0.008076117806  0.05156834471  -0.1620348876  -0.1215169885  0.116671694  0.07529591572  0.06628871214  0.2377425283  
-0.03149520967  0.01173441897  0.002124034373  -0.09514425948  -0.1091507423  -0.004710364677  0.04893286923  0.2094207066  0.108678013  
0.1310277296  -0.08111455386  -0.03112836796  -0.1269353599  0.03871897821  0.1606796342  0.02983801781  0.305987994  0.04199383798  
-0.0336934216  -0.04037673006  -0.01774361722  -0.1090946271  -0.1562339311  0.02265500888  -0.01732581356  0.2768185407  0.06827545625  
0.09491899442  -0.01967670262  0.06069711931  -0.08070419498  -0.04830492329  0.07349214988  0.1519088708  -0.01484379545  0.3213156989  
-0.006224393672  -0.01830103108  -0.008268053672  -0.08275592759  -0.2480665145  0.2494354159  0.05923037915  0.112861814  -0.4673745945  
0.01870256271  0.01273324421  0.02441243218  -0.4062391906  0.06956595916  -0.1052696243  0.07476341008  0.1824181236  -1.165343123  
0.08200707444  -0.004743377419  -0.02238706231  -0.06205940729  -0.1449022296  0.1043423552  0.02464391225  0.2226485473  0.0606008038  
0.1496933498  0.04929495802  -0.05707169554  -0.1280895113  -0.04264759035  0.1741314494  -0.02283360236  0.1636066659  0.2351651812  
0.1047974742  -0.0552644503  -0.1302020294  -0.08376423141  -0.01312560056  -0.4736814669  0.01576636353  0.1269975656  0.2460190482  
-0.05238655311  0.06212602341  0.05713305213  -0.03064144031  -0.02868617121  0.08339458912  0.08106564825  0.1237002848  0.161125962  
-0.1462737817  -0.04293392889  -0.07465726125  0.06348983467  -0.1437592952  -0.05493120308  0.2490120958  -0.2326038829  0.0204808995  
0.08190863078  -0.07029756287  -0.01221846438  -0.1222951269  -0.1016574467  0.07888160076  0.002695922158  0.2409957468  0.1446039545  
-0.05429000305  0.03716611569  0.1885680395  -0.1760566837  -0.06536342552  0.1222979643  0.0839137081  0.1561255576  -0.5851364698  
0.3055156705  -0.04172398263  -0.08554455664  -0.1184061229  0.1029999752  0.04680950019  0.2651010255  -0.4769270076  0.6095209537  
-0.1082188466  0.005424123473  0.04874737201  -0.1758210512  0.02807948207  -0.111033113  0.1769985216  -0.11095481  0.3167441394  
0.03586746555  0.1522443794  -0.1344798087  -0.1464884832  -0.2035699802  0.04137150838  0.2027521238  -0.2804891093  -0.2512718921  
0.01628463368  -0.02615508955  -0.1078073122  -0.01452303351  -0.02004030282  -0.0478448788  0.1448771463  -0.04334789953  0.2349689406  
-0.02650100291  -0.1145009495  -0.08360080912  -0.06571135126  -0.04228351996  -0.04483155961  0.1356100482  -0.06304822235  -0.09109665797  
0.01883480083  -0.01221520197  -0.009736599619  -0.06168860871  -0.05463346357  0.09012038201  0.1659310329  0.0769430189  0.1895354852  
0.237788501  -0.1314151041  -0.08721567347  -0.05692068948  -0.02953362812  0.003653306734  0.2284653551  -0.1238218049  0.418547209  
-0.05573999712  0.01846318242  -0.04075384476  -0.03983605364  -0.1639369143  0.0007866055673  0.1453092951  -0.07911871841  0.271521326  
-0.005669160325  -0.05279061736  -0.01973769557  -0.1380768154  -0.07300181461  -0.07984038153  0.102421827  0.02684934936  0.2578365187  
0.1187420685  0.1024800925  -0.01942275417  -0.0480103572  -0.1240780084  0.119549212  0.1605510233  -0.03940088174  0.284810611  
0.1168230268  -0.0987511051  -0.0328445478  -0.03783029727  -0.06954010024  -9.708516257e-06  0.0636361975  0.1590026887  0.1804587371  
-0.09338804331  -0.03736746204  -0.107648544  -0.1593195011  0.06869341611  -0.1167336656  -0.07140432646  0.2647201466  -0.02659543599  
-0.002168512656  0.02480506343  -0.02000380229  -0.2898007818  -0.07085190931  -0.02310281887  -0.02543190829  0.421495642  -0.05387965024  
0.06571701029  0.04985694036  0.03428184296  -0.0291235643  -0.07819639433  0.008634959843  0.1427125216  0.03805659851  0.2551589445  
0.01063258312  -0.03684300846  -0.008551947964  -0.1097969889  -0.1178984715  0.07770581827  -0.01579313768  0.3900290228  0.07022273272  
-0.04887923364  -0.01457460577  -0.02426908991  -0.06202724387  -0.2418097484  0.04135059153  0.05760450725  0.3548875713  -0.09569552838  
0.1198226909  0.04611929513  -0.0360790456  -0.01642088577  -0.01542531418  0.1059901072  0.1112064978  0.01588002793  0.3420871045  
-0.04905482876  -0.002024503086  -0.04591542207  -0.1378422061  -0.06327403595  -0.1222341408  0.09041690303  0.114306841  0.1498360867  
0.1522897076  0.009808916592  -0.01700189764  0.02076287717  0.002611450477  0.3326660379  0.1185074326  0.07613886921  0.09472186373  
0.004989523609  0.005116986839  -0.02023144966  -0.1183884556  0.0441194788  0.01457942576  -0.04866746403  0.2692095535  0.2384231293  
0.004280401509  0.09483900442  0.03003442321  0.02180962231  -0.1544022368  0.1852835719  0.02451501464  0.3341957814  0.03113096265  
0.05994325231  -0.005193411951  0.01863609309  -0.08041277134  -0.06138026397  0.1245034194  0.05078831211  0.2063744766  0.0984687353  
-0.009223082309  0.08621376357  0.1312911995  -0.09421460284  -0.1114442298  0.193713396  0.0993502828  0.09044488617  0.2684086059  
0.002120939889  -0.01766412109  0.1055076314  -0.04575116187  -0.1613453294  -0.004689448601  0.2231049426  -0.2210768451  0.2716534741  
0.08384808478  0.02864361488  0.03273815812  -0.04489230526  0.03966648649  0.1265574606  -0.02264309482  0.3084754527  0.1237070344  
0.1194030237  -0.09575630178  -0.06507005589  0.06301395943  0.0435636524  0.08807390803  0.05119968358  0.2137446806  0.1520500196  
0.0220329845  0.02694279946  -0.03505333117  -0.00182276412  -0.03032870473  0.04428241556  0.02915931768  0.2753719718  0.06802343195  
0.06612635911  -0.005340351238  -0.05009812686  -0.05726602667  -0.08553690042  0.02895228834  -0.0041294245  0.2215442385  0.2422337494  
0.1022239791  0.01005752549  0.08483059506  -0.2947964719  0.2735113855  -0.02520100558  0.1035662597  0.2121533873  -0.08981920349  
-0.08785832236  -0.003792598642  -0.05425877816  0.015565437  0.04326120473  -0.1833558882  0.007210002941  0.0888177344  0.2012861521  
0.1878809823  -0.02711923607  -0.05798586852  -0.1397296699  0.03640605142  0.1268064529  0.01451765211  0.1407219539  0.2442421271  
-0.1101875879  -0.1621354966  -0.03515313876  -0.2257897596  -0.1545288669  -0.1377734888  0.03856186595  0.1739480811  -0.6640729669  
-0.02305718781  0.01858624048  -0.01066937655  -0.1121428606  -0.03958217822  -0.03156151273  -0.1251264272  0.5040595786  -0.1121975835  
0.0296217698  0.08487439227  0.04384180864  -0.06946803884  -0.1383802444  0.1348638393  0.04007866077  0.3873348408  -0.009742125729  
0.006449440818  0.004594062368  0.04859149018  0.02979726564  0.04507634798  0.08822827882  0.1783551937  -0.002243801997  0.241577253  
-0.006396483186  -0.004998525659  -0.03834192072  0.04630277007  -0.03182216432  0.05088148295  0.09311942533  0.1011801665  -0.1288424334  
-0.01144061529  0.1050672009  0.08809820238  0.00701704667  -0.01646197986  0.02074202181  0.3169851545  -0.1948558184  0.3842697672  
-0.08069778463  0.0249255292  -0.01935127855  -0.02903863419  -0.09369925245  -0.1032294142  0.1276486472  0.0002836384122  0.2526735629  
0.2362374304  -0.1389022678  -0.05874917445  -0.1267152246  0.1782648841  0.05394132709  0.2232237261  -0.4164264776  0.649487304  
0.004882707891  -0.006696834378  0.05013333452  -0.01889504731  -0.02846170975  0.1279994456  0.05889538104  0.2974984061  0.1467339602  
0.07213852336  -0.06660756798  -0.01262056788  -0.01043301381  0.03270169474  0.1222880703  0.0684650995  0.2181057  0.3106746177  
0.1041961711  -0.004082156316  0.1053430473  0.03888777164  0.07958052951  0.1717840861  0.09048728338  0.09172383119  0.2438404483  
-0.03133310807  0.01621735585  -0.07832572614  -0.02678891817  -0.01346223088  -0.09113532562  0.2378087481  -0.3754882581  0.06572844979  
-0.05540390449  -0.01309818179  0.06092049182  -0.03916123234  -0.112744282  -0.06991659661  -0.02740222464  0.3900209751  -0.004217200292  
0.0627506472  0.01111546544  0.03851054286  -0.03648224131  -0.04832788478  0.1302364313  0.07287771213  0.2013566817  0.1451703528  
0.2194016221  0.009581219966  -0.1505383525  -0.1341095381  0.2432327936  -0.006528132404  0.2743512322  -0.314685238  0.5063301995  
0.06920311341  0.02399070261  -0.1581719065  0.04838042612  -0.1141162512  0.1158636438  0.280733147  0.05090423857  -0.45598673  
0.1403072614  -0.1034034619  0.06279630939  0.09272570838  0.05860016401  -0.1227102807  0.3302836977  -0.0800591226  0.4381052316  
-0.1294331974  -0.01554401246  -0.1948599338  0.004529826361  -0.04818483635  -0.212961018  0.09931540437  0.1970943401  0.1381123054  
0.07805432243  -0.03008414098  0.1028493716  -0.1101576481  0.2366323023  -0.0466903882  0.3961813857  -0.0469837914  -0.4231856985  
0.1056403002  -0.07399467896  0.103388738  0.2471740555  -0.003381231656  0.2094022258  0.2728702591  0.06640330196  -0.6451336011  
-0.06173755608  -0.1089813075  0.02216761161  0.1365894488  0.0558696886  -0.1976733423  0.1332086955  0.1836589542  0.1992401423  
0.05970800145  0.01997166188  -0.1072017546  0.0500698401  -0.02393379627  -0.1440683965  0.1909218307  0.1351341042  0.2243879121  
-0.09058280238  0.03124609747  0.1885121254  -0.1238544207  0.0610032363  -0.1043555767  0.3131859052  0.05355378396  -0.4203580761  
-0.01213404344  -0.1002105585  -0.0177567038  0.002289489612  -0.1870231747  0.09305880331  0.05699912111  0.3048481978  0.2071876024  
0.152596179  -0.06922903152  0.02710329364  -0.02313533986  0.002035981953  0.05419026199  0.05387012281  0.296103923  0.181178391  
-0.04338938841  -0.01086686224  0.1128540105  0.03461266584  0.1790254597  -0.334273699  0.05297940276  0.2307199965  0.3387564817  
-0.1365648918  0.0730931105  -0.07846400708  0.09116861434  0.1227048404  -0.1887431558  0.3233860838  0.3650394438  -0.6997887264  
-0.007890824814  -0.1666191944  -0.04012191931  0.08013464725  -0.1262516454  -0.09121146536  0.05659763161  0.316565178  0.1259089153  
-0.007933780869  -0.04008489828  -0.0005580058011  0.02967578746  -0.05328080985  0.05737263365  0.02490876598  0.4250606404  0.07177718758  
-0.02123651592  -0.1042097638  -0.01456903028  0.0315972865  -0.07822228709  0.06605146946  -0.03569179106  0.5774165477  -0.1337299642  
0.04958975014  0.06213421574  -0.04207347917  0.03553198818  0.1273057823  0.06296209522  0.09451735455  0.1327259378  0.2810834586  
-0.09824037013  0.280072643  0.263079978  -0.1830527604  0.255516631  0.003089281594  0.1925890246  0.3258332208  -0.1490449435  
-0.0241582038  -0.1273614476  0.06819161749  0.1082015332  0.1203432884  -0.04542106836  0.2259574139  -0.03734405416  -0.1256753874  
-0.002942374853  -0.1066687598  0.04151223361  0.0482024474  -0.04981365534  0.04076518979  0.2247299213  -0.0378235397  -0.3166056784  
-0.2012793916  0.08515907074  -0.09393232308  0.05557479903  0.09690078414  -0.1428408964  0.105292956  0.03966333486  0.004871554481  
-0.02650482179  0.09927820649  0.01637564613  0.0712510347  0.004650147169  -0.08618350727  0.2904338286  -0.1037070837  0.4393422515  
-0.1362978679  0.05086008495  -0.1387539282  0.0009368904183  -0.08377134976  -0.2315339646  0.06797447842  0.2387580271  0.02888439188  
-0.09275227113  0.05058266208  -0.08933728628  -0.08175722546  -0.008842165678  -0.03466287159  0.2331648347  0.2416099407  -0.5566460749  
-0.03596107028  -0.09158379941  0.1290773186  -0.09738677537  -0.01058793444  -0.003197785838  0.1664825566  0.1016096297  0.1706155945  
-0.06320940839  0.03036515727  -0.1317813997  0.07548215386  0.1127626548  -0.0542576615  0.1928549869  -0.04535200792  -0.06841359546  
-0.04589157242  -0.04624697721  0.1129277555  0.04065089132  -0.05966340487  0.06234323984  0.02801476032  0.4747195899  0.07345290552  
0.05128118355  0.07802891595  -0.12087079  0.1319656241  -0.1509590622  0.0430267476  0.08132708783  0.2616541514  -0.1124615057  
-0.03283826111  0.1202291073  -0.119263598  -0.04265074212  0.04456711657  -0.09407685238  0.02164299324  0.4568551179  0.05741441306  
0.01660140774  -0.04197293175  0.113323084  0.06739097842  -0.06953377053  0.1078101543  0.07658089796  0.3546748531  0.10411537  
-0.03057033825  0.1378421795  0.0822594964  0.03086835574  -0.01570742053  0.0017320693  0.2410929448  0.07368812387  0.2611154577  
0.04527375349  -0.02617389632  -0.03640703087  0.1029009024  0.1174000053  -0.02988570819  0.1837367245  0.2790383011  0.1584317979  
-0.03844623088  0.1036883422  -0.1614890776  -0.02564694511  -0.05642901058  0.008022112905  -0.0108072715  0.39609897  0.1072444852  
-0.01606399474  0.08314918414  0.02583663449  0.164578644  0.05018068592  0.1300669757  0.1751869411  0.2878678406  0.1108516526  
-0.08741319793  -0.1076986405  0.06293172167  0.08709722069  -0.07706797752  -0.1055454179  0.1848125555  0.1632888714  0.195660788  
-0.08560200611  -0.07268642984  0.1332096611  0.01555868803  -0.03199007305  -0.0538026573  0.09223127301  0.3625539272  0.1266212158  
-0.1099796997  0.05952582206  -0.1213732579  0.03999679059  0.03496839037  -0.2165007486  0.1080135677  0.2511073187  0.1778469479  
0.01152030138  -0.1068500367  -0.0157122069  0.0543129371  0.04405855678  -0.001082304875  0.1150056963  0.2751555037  0.1810877294  
-0.03088787706  0.1448678987  -0.01603448407  0.04965957739  -0.06546970137  -0.0526130328  0.2051437804  0.04577963575  0.3751322302  
0.087615723  0.02356841091  0.04418666089  -0.07567094171  0.1178877726  -0.1242874486  0.2858695467  0.2044191609  0.0832702324  
-0.1267840468  0.0780314338  0.07253523861  -0.153368826  0.003268888661  -0.2464315491  0.08589496345  0.4356499569  -0.04352907206  
0.04660162839  -0.04986919851  0.006622669553  0.05541037183  -0.02651918256  0.07321611364  0.1340423984  0.3596532757  -0.643115036  
0.2610274934  -0.08489480762  -0.1246598009  -0.05203752854  0.1777844356  0.1460499404  -0.02745236052  0.3615073634  0.2316889684  
-0.08084519964  -0.1493519537  0.09118980424  0.1717419966  0.008682213185  -0.2406174228  0.2121961116  -0.03549016529  0.1820841651  
-0.009704666654  0.1013971349  -0.009726487978  0.06036663686  -0.09572709795  0.0196767493  0.2647712402  -0.06476136511  0.307367662  
-0.07317733873  0.1696101306  0.1579822046  0.04748807249  0.06885293465  0.02893959546  0.3123806476  0.1175941292  -0.01793828074  
0.06701322247  -0.1116022514  0.06745945679  0.1300971244  -0.0108518467  -0.07062426092  0.3658572585  -0.1823069978  0.5124728425  
0.04560235995  -0.019713629  0.08860640954  0.1247276584  0.01424884127  -0.03872042216  0.1853227666  0.2247378141  0.1554783474  
0.08250567519  -0.0723115909  0.01910397569  -0.04941457252  0.1773672538  0.02080884297  0.09754235917  0.6419170479  -0.6168313341  
-0.05790554974  -0.1024625776  -0.1264578127  0.0002499343085  -0.06563384016  -0.1537300565  0.03627395162  0.4257645744  -0.01656815071  
-0.1357750962  -0.0769504869  0.03867619413  -0.1055429837  -0.001575214239  -0.1887978604  0.07684598911  0.2317668267  0.1068101432  
-0.1325538213  0.04971768974  -0.1304926762  -0.01276037956  0.02012721438  -0.2041174032  0.08886053227  0.2517644187  0.1233069446  
-0.05455063998  -0.04961087875  0.2015645578  0.05470320716  0.02011780794  0.02507961312  0.1494757329  0.3702234521  0.181123241  
-0.07803010069  0.04326723829  -0.1338849261  0.07855812156  -0.04948250934  -0.1489881733  0.1107014532  0.1444512604  0.1905490652  
0.0652044661  0.1921805216  0.07553125613  0.02397054874  0.06555237721  0.08907551022  0.2118296889  0.09788781155  0.153847994  
0.1190878042  -0.09706786613  -0.04346281207  -0.02177097812  0.1043755664  -0.01077488694  0.03584478482  0.198635818  0.3131194397  
0.05377168626  -0.1699529075  -0.1222742909  -0.0733889176  0.01956536203  -0.06768369746  -0.03692818137  0.3788921409  0.05587323249  
0.06217147171  0.1061356236  -0.0490812049  0.04093616309  0.101902345  0.02515316112  0.2257051939  -0.05399837545  0.4813841252  
-0.1237119435  0.1309297499  0.155357937  0.1600307149  -0.1615372101  -0.01651978841  0.2142640844  0.2738886152  0.02642710991  
-0.05643529224  0.08460063614  -0.03814989413  0.1215813199  -0.0827260909  0.07562777553  0.1302515532  0.3515581428  0.05204688927  
-0.05708631899  -0.1081524874  0.03637184943  0.06601940077  0.04585649048  -0.1678546403  0.1731465147  0.2637856446  0.01595678  
-0.01833015721  0.1162821007  0.03532609756  0.1008018691  -0.1374159378  0.1305063896  0.250266731  0.01656961388  0.2811917227  
-0.009230664748  0.04954418123  0.3029891531  0.1313618962  -0.01967765741  -0.2276511363  0.2987367112  -0.1242605162  0.2839338252  
-0.0031993984  0.05202935823  -0.07152637862  0.04166875229  0.1187530473  -0.177360665  0.1206145911  0.168841447  0.1861150808  
-0.07707064686  0.08335472085  -0.1258175903  0.01461874655  0.03337344277  -0.07655251293  0.02884785657  0.5813795771  -0.1326916907  
-0.0007979053065  -0.0907568462  0.03177356048  0.06445998617  -0.1304555036  0.08243791902  0.06273993488  0.2497608963  0.03928281502  
0.05481771146  0.1219816831  -0.03732869602  0.196697226  0.0652668877  0.02351293863  0.3059643677  0.1871695071  0.2219839827  
0.1785238654  0.03444462517  -0.1216660105  0.01140327133  0.2513250601  0.07411010818  0.04773550285  0.143671004  0.3965014649  
-0.08470825649  0.03867868037  -0.03670166485  0.003069465375  -0.07625225397  -0.2675265046  0.3136768861  -0.1853818616  0.3942025243  
0.01691067454  -0.06904183985  0.005552356812  0.05298210891  -0.06461639571  0.0001359359855  -0.05069522684  0.6063985458  -0.04635386348  
0.1220729635  0.04034149164  -0.1170233661  0.04406247662  0.1545009993  -0.01970231551  0.1882283637  -0.03088755793  0.3335294829  
0.02903357444  -0.1514895094  -0.01728511957  0.07831816844  -0.117601917  0.141858278  0.04449861054  0.2994621542  -0.1101654925  
0.04454712831  -0.04042800509  -0.0845054482  0.1459960108  0.02003158173  -0.005842895281  0.1095726803  0.5894566931  -0.09827575766  
-0.00164494391  -0.04216499135  0.1202043089  0.005008837842  -0.05346952726  0.02310552525  0.1552148137  0.201503536  0.2117640392  
-0.07142317799  -0.0387310336  0.1968089655  0.07366011979  -0.03615019049  -0.07978422581  0.2576061916  0.1528531406  0.1587603868  
0.1038069788  -0.1139625368  0.02003086255  0.01526657815  0.1294003426  -0.05560290565  0.1858695068  0.1415233238  0.07350257739  
-0.008765519283  -0.06613329696  0.02430984868  0.1066339253  0.08373154638  0.02213604457  0.1133906369  0.3553042104  0.1560843897  
-0.0330948359  -0.06309178955  0.007151073374  -0.04163828866  0.2085768538  -0.218128708  -0.08012737298  0.5492934577  -0.04369934366  
0.05543959317  0.1407321475  -0.1573041213  0.00249461154  0.0269161052  -0.03593135231  0.3380900792  0.1262979334  -0.344284931  
0.03599136887  0.08204099016  -0.02795437827  0.1068775051  -0.009394002705  0.1093935428  -0.003762014982  0.5648994187  0.1417004022  
-0.07886851955  -0.0826529973  -0.06665994703  0.03083488896  0.02632892298  -0.2093395668  0.01931428028  0.3980254004  0.02135331206  
-0.09376035965  -0.05172773995  0.1041889285  0.03346289118  -0.02283740115  -0.04594684293  0.06213015149  0.489684308  0.03129390044  
-0.02604600308  0.02397138418  -0.06454335006  0.04334182654  -0.01532862542  -0.05316419903  0.06896489933  0.2729581568  0.1835220369  
-0.009046329603  -0.0380272236  0.1563525958  0.1764373426  0.04823682206  -0.03178497596  0.1503937705  0.4227188607  -0.05751304551  
0.130457876  -0.1432475726  0.06413349877  0.1075083042  0.05107373407  0.065677532  0.1684005873  0.1805662262  0.2184097588  
0.1158179781  0.135334458  -0.01552815906  -0.0157039374  0.101612027  0.1074620268  0.168983517  0.1331131602  0.4010145122  
0.04174530655  -0.0409939423  0.09667276865  0.1229590692  0.1066675499  0.08138448786  0.2519249212  0.02349923979  0.2520260706  
-0.0573936919  -0.07772881179  0.1329902839  0.011587425  0.0871723205  -0.05478584544  0.2115554055  0.1819768997  0.2488648997  
0.08337028118  0.0654099975  0.02709013036  0.1470929318  0.1165588683  0.02952094917  0.2317575688  0.1486064202  0.3813062281  
0.02918419741  -0.04213046001  0.1247052523  -0.1387866341  -0.07541177886  0.02478103988  0.1409075128  0.1929274201  0.03833705648  
-0.008523758778  0.05971900221  -0.1372160493  -0.0003392665801  -0.1735253138  -0.07200965428  0.1149935109  0.2023319335  0.1377061298  
-0.06376068612  -0.04997580311  0.1227187827  0.06203590778  -0.05617418304  -0.03629735635  0.1617937699  0.2082954332  0.2550820965  
0.02302126518  0.07676873501  0.05998130327  0.008227417054  -0.04103375926  0.2090378817  0.02730773952  0.3795291712  0.1155270359  
0.002495676006  0.1380579363  0.0771507715  0.09628128005  -0.1275707319  0.175613728  0.1503065341  0.3337053895  0.1288774419  
-0.07720447187  -0.05060441058  0.1733234828  0.1415280312  -0.06273133109  -0.01050883202  0.3139829695  0.093563298  0.2529626179  
-0.004822879535  -0.08230500072  0.02568830128  0.05252140518  -0.07232394689  0.07856452757  0.002015262772  0.5030036939  -0.03638327981  
-0.08856426473  -0.078606761  0.1017755533  0.08705638658  0.04223004862  -0.02908820735  0.08505278977  0.3716483212  0.2162399745  
-0.003516103301  -0.05728678013  0.06286720003  0.1491992027  0.01756455606  0.01965303637  0.01831706939  0.557849595  0.0412196801  
-0.1196471343  0.0727697438  -0.1212394202  0.06123079388  -0.1952633854  -0.1800606029  0.02793418147  0.2865038988  0.008191483475  
-0.09319404053  0.08243050911  -0.08606571493  0.1013169381  -0.08314603672  0.009215910034  0.1172874003  0.3430352825  0.1185758061  
-0.05717271542  -0.0858619873  0.01696180683  0.04293515748  0.003087132234  -0.006671250736  0.009876046022  0.3136644704  0.02077802276  
0.126559927  0.0002287439616  -0.254688798  0.07837376285  0.08535665413  -0.1336419151  0.4254654079  -0.6417059695  0.5323685161  
0.03363339965  0.1302661488  -0.01399567404  -0.004848881131  -0.03764060655  -0.02864078198  0.2135237585  -0.01992552758  0.3915304052  
-0.01930485739  0.1302247837  0.1087196891  0.1351203637  -0.04770283273  0.03808702531  0.2195135026  0.2368188565  0.217297918  
-0.1562326243  0.04412548538  -0.005195396358  -0.02608732148  -0.05598098112  -0.2503209837  0.1464822868  0.1293844386  0.09875611255  
-0.003236745217  -0.08462462914  0.007447761573  0.04471889931  -0.1557996161  0.01699970388  0.03757643964  0.437587853  -0.01553646997  
-0.02738579299  0.09101736469  -0.1072087578  0.01137914544  0.1086903846  -0.08072430181  0.04790810673  0.3360246069  0.1298988107  
0.08804946572  -0.09222258485  0.002346121693  0.1528052191  0.01246115514  -0.01579667277  0.2543020044  -0.02179159167  0.3656054298  
0.06903006863  -0.1212504115  -0.01382086252  -0.02841864453  0.03455595586  -0.1212942231  0.2052714407  -0.1047942866  0.3839300382  
0.01801538596  0.1364976181  0.03569771019  0.05935853084  -0.02827712159  0.07610837471  0.1776985694  0.121393758  0.2920213001  
-0.1789663262  -0.0503192582  -0.2705434015  0.09418719651  0.1196213074  -0.3727730206  0.08238154798  0.2972797455  -0.1458478923  
-0.01437372437  0.06366854413  -0.0735961143  0.0604856855  -0.1757864866  -0.011150975  0.1531055475  0.07307313258  0.1531597285  
0.05666906136  0.05777390678  -0.06860092333  0.1714817389  -0.004419486003  -0.06179790239  0.1601932117  0.2952521263  0.1000497745  
-0.1134205237  0.0873043536  -0.01039254712  -0.02943676528  -0.1428684115  -0.159045456  0.1159496512  0.189654624  0.2041277251  
-0.08584325753  -0.06169945384  0.0489965401  0.0347751743  0.1625968331  -0.1658367718  0.2076535644  0.228055333  -0.4057667282  
-0.04419255884  0.118571528  0.02154101103  0.009932185232  -0.03115128078  0.008297617342  0.2668668244  -0.03875670904  0.4133755573  
0.1091336072  0.009197330369  -0.03392283093  0.0817870726  -0.03854948387  -0.08777161271  0.1731841728  -0.01394575718  0.4236464406  
-0.002870282452  0.01393642495  -0.1223189039  0.06995086183  -0.09900272178  -0.09415931288  0.1812563425  0.08973378929  0.2024812752  
0.1311696132  -0.04106919621  0.1126275255  0.05346772125  -0.02615789832  0.04807844795  0.1386187201  0.163730768  0.2252742748  
-0.07006908382  -0.0008117488182  -0.2784294741  0.07517970209  0.004621220146  -0.2851419604  0.1505701386  -0.02024542714  -0.08211337129  
-0.07362408211  0.04007157538  0.1089655214  0.05979530733  -0.04065970481  0.2332159939  0.07345828077  0.1533717615  -0.2029087135  
-0.08318271823  -0.1358118611  0.04086200236  -0.05815352218  -0.2047424064  -0.2718478833  0.1721137605  -0.0921176262  0.3404149605  
-0.02753982556  0.05542673758  0.01111524938  -0.03470238161  0.02833085132  0.01786311625  0.1717342456  0.3046204773  -0.1375461556  
0.1227715843  -0.1161925686  0.01254812639  0.06535882273  -0.06907476168  0.1201884782  0.1829404258  0.1977917649  0.2670414951  
-0.006703204961  0.1168253752  -0.04351430436  0.01095423222  -0.07059776696  -0.1244526329  0.137490907  0.3324421009  0.1394175139  
-0.01229577082  0.1087173714  -0.1077938999  0.01684524451  -0.04637355154  -0.1094489823  0.2514780563  0.02638177512  0.2726875549  
0.03314386265  0.05930595339  -0.1177765412  0.03494529431  0.060939853  -0.0102401009  0.1762262249  0.1654151991  0.2892006619  
-0.09276815032  0.1682035742  0.07182916903  -0.001146275853  0.02105932765  -0.2012442897  0.2547625605  -0.03512706025  0.2546660537  
-0.03950319538  -0.1240848044  0.2103046194  0.05443565685  -0.06416551486  -0.01426910208  0.2422302239  -0.06444841606  0.3607902469  
0.1434158594  -0.1335545004  -0.01004111404  0.1699727795  0.1287153101  0.0765411351  0.09814233573  0.4673956501  0.1465651907  
-0.034778404  0.1133837855  0.02347191124  0.1066033984  0.05609213889  0.03103046448  0.2328615236  0.2309943994  0.105107427  
0.1168968261  -0.06934786378  0.02364843887  0.07969866297  0.008564684697  0.1406383916  0.07337386251  0.2309390047  0.3065015263  
-0.05300452671  0.06578899969  -0.1246640691  0.04081897648  -0.03243148197  -0.1036547301  0.1451965233  0.0651779599  0.3270327731  
0.04570537652  -0.06063598205  0.1421448097  -0.03152017279  0.3785210898  0.1334374869  0.3072518837  -0.07132873665  -0.236151097  
-0.1186924586  -0.08790761016  0.01203563911  -0.02194088818  0.02219558805  -0.2375371017  0.1820600952  -0.06067737063  0.3638795931  
-0.02811891246  -0.04250987823  0.1597373005  -0.05165894581  0.1277824766  -0.02101287431  0.1307131382  0.1618346565  0.2580133549  
0.07439486466  -0.1319516971  -0.1938850671  0.1768896928  -0.02065974867  0.1589982378  0.2715299915  -0.05288747373  -0.6676648703  
0.1195584269  -0.0791779915  -0.2571884648  -0.03271528947  0.2519559975  -0.1425219194  0.1263532248  -0.03014854932  0.4572919086  
-0.01768702208  0.1174488051  0.02730805515  0.06627682687  -0.02835072366  -0.04187160138  0.1161625362  0.2053962988  0.2577017963  
-0.02573512919  0.006876895747  -0.09731315277  0.07388481411  -0.07016712251  0.04891980396  0.128267106  0.2728783435  -0.2112429714  
-0.01938081099  0.09729305407  0.0298512504  0.05524294131  -0.03881078473  0.09906525468  0.08731293408  0.3968390375  0.06000966088  
0.02859826737  0.036848758  -0.05582751946  -0.04343146378  -0.2053822109  0.07913259856  0.0575573235  0.3043422839  0.03867705409  
0.01779106395  0.02723304092  -0.05456790558  0.07343185028  -0.05115232959  0.05190109931  0.04876300802  0.5293374215  0.05288344316  
0.02612223722  0.007005647207  -0.1256059019  0.230069693  -0.01941642058  0.3870968344  0.1322206181  0.1376351707  -0.4178893881  
0.1132406043  0.09344935489  0.005876006332  0.0703533144  0.08431620103  0.1448474062  0.1223229176  0.4741819253  -0.0959584738  
-0.01219284466  0.03676601659  -0.03195013545  0.117443847  -0.129728044  0.05519519465  0.08541511745  0.3334624399  0.1576711999  
-0.008198732216  0.07471550076  -0.05088474833  -0.04516108638  0.07714893655  0.05498987023  0.03358038005  0.3611098382  0.1507257269  
0.07249117609  -0.1358747909  0.111976433  0.04256856918  -0.125426711  0.2799980389  0.1027362865  0.2239724109  -0.265522005  
0.05315544014  -0.04106737798  -0.03747875577  0.2003907739  0.06537958187  0.1705160972  0.1869442706  0.288657069  -0.6715618428  
-0.005976267024  0.06084791491  -0.0234433235  0.01867381968  -0.1540935869  -0.07044964033  0.1612833384  0.09615012079  0.3473766313  
-0.004871630176  0.01729810542  0.2714512446  -0.211013863  0.04424728092  0.09305115124  0.1122853827  0.3502951075  -0.006362694852  
-0.01035071852  -0.1251275725  0.006647043276  0.1110727603  -0.1118593141  0.04884036424  0.1474375534  0.3463181695  -0.2125268185  
-0.00182122456  -0.04051114935  0.1787456921  0.07126642083  -0.01140981157  0.0386028579  0.12820703  0.4736520662  0.008562270553  
0.05922972347  -0.05880219095  0.09584006609  0.07926242331  -0.01404841966  0.08857820521  0.04417300089  0.3826999306  0.1758978444  
0.0824652208  0.1909701808  0.0522628778  -0.136633402  0.1620100187  0.136952118  0.2023235  0.3593504911  -0.7314522935  
-0.02191832702  -0.1085470729  0.01515458382  0.07576118087  -0.08493780971  -0.0761951731  0.1084475172  0.2782767235  0.1947581643  
0.001594771906  -0.07684899356  -0.06039722917  -0.02781645845  -0.1125794478  -0.06118919613  0.03719933067  0.4750051232  0.02600320554  
-0.06330710346  0.05913345813  -0.040165442  0.001635822247  -0.1543356787  -0.002388242547  0.06445418944  0.3622730025  -0.008713162639  
0.04614523558  -0.04981257997  0.0700499062  -0.02939869633  -0.03497397233  0.1055690232  0.1057141806  0.2284423032  0.2775749131  
-0.02687211612  -0.1809432044  -0.1433968444  -0.05664746073  -0.03996720616  -0.3368178456  0.1510588718  -0.09965436907  0.2280688687  
-0.1115428958  0.1628513204  0.04472566189  0.07510848624  -0.06519376633  -0.06770450711  0.1631124555  0.3214250386  0.1055247396  
-0.09868192092  0.02968876055  -0.2164050797  0.2819339774  0.06819845948  -0.05008243991  0.3987191968  -0.1520420816  -0.3942009654  
-0.02387931868  -0.0905841466  0.01813209935  0.03883299825  -0.02063702918  -0.1381578118  0.1682540578  0.1362754407  0.2120324484  
-0.02617215198  -0.0320388313  0.1971316286  -0.01360260154  -0.0597005456  0.08915261052  0.09664181573  0.2583479866  0.174207548  
0.02911253269  0.1575161917  -0.06369291148  0.1767817797  0.07984679744  -0.0333740069  0.2527152282  0.1864862286  0.252236823  
-0.05655037058  -0.07180138328  -0.1461357077  -0.09737540841  -0.07313221662  -0.2186336619  0.07691016767  0.1610848722  0.1516790254  
-0.08066540205  0.04928739851  0.003218119725  -0.1474512207  -0.3587408443  -0.04918576109  -0.03556203457  0.3549559883  0.02841102666  
-0.02650679502  -0.1951606387  -0.06590374476  -0.1191810194  -0.2148456411  -0.2442576122  0.2473626238  -0.130432086  0.1728767984  
-0.005905458799  -0.07150848309  0.06707767268  0.02644213169  -0.09538465383  0.07857686897  0.07911632791  0.5908799756  -0.1093948002  
0.06686574026  0.1802520678  0.06647870432  -0.01569541906  -0.05370334619  0.08898446097  0.227312607  -0.01692150652  0.2776067655  
-0.09080941574  0.03141037232  0.1218501007  0.03363054307  -0.07453395125  -0.004535571422  0.1273659609  0.3231595739  -0.249337902  
0.01156080548  0.1125354328  -0.02577324777  0.06696978519  -0.2550764749  0.09969887666  0.05655149063  0.3360414212  0.03693598524  
0.02875187813  0.0584424873  -0.0202300163  -0.002843312147  -0.07506176988  0.04330893793  0.1642769549  0.1996225766  0.1299903262  
0.004805322372  -0.08649393307  0.005675994888  0.03340420653  -0.01012784873  0.08503539348  0.04112014725  0.4000168812  0.09584873373  
-0.02023166724  0.01760990335  -0.1093889749  -0.03779530719  -0.2287584379  -0.1786944454  0.1067994931  0.1705257901  0.07085894194  
-0.07194121643  -0.2256213194  -0.04613264787  0.09358643196  -0.09875416547  -0.1733101485  0.1013886173  0.1976933495  -0.1199307202  
-0.1324778752  -0.1280808628  0.04952082309  -0.004439809191  -0.2597093935  -0.14858698  0.155794089  0.01526013899  0.04767849797  
0.1560626878  0.168332909  0.02291357658  -0.3570484855  0.3297231285  0.03897873693  0.1705157028  0.3878758491  -0.4829399857  
-0.1087089302  0.02277762241  -0.1754049186  -0.026580602  -0.01046602066  -0.1741497115  0.05921613722  0.3136186251  -0.04013637671  
-0.1033080116  -0.05750442844  0.1402760339  0.1193760248  -0.01905045946  0.04728063677  0.1223593102  0.2657453153  -0.2861075336  
-0.07444963778  -0.1114357616  -0.007276882115  -0.1279558721  -0.08632176396  -0.1429739706  0.2522017162  0.07786242469  -0.03935092085  
-0.07121473122  -0.05950832405  0.06078337883  0.06130459322  -0.126077044  0.03759039908  0.1105478628  0.4857072407  -0.1764767402  
0.03804292685  -0.08099527906  0.0761241245  -0.03502437599  0.007227658144  0.00887970693  0.2898370057  -0.02113301244  0.416780724  
-0.02746547483  0.08067667175  -0.04330543839  -0.136301052  0.1490379232  0.03388231794  -0.01376648993  0.4660006626  -0.0715787032  
-0.02178614342  -0.1182088591  0.05448549868  0.1930854241  0.01281241206  0.04834599646  0.1830814822  0.1721153646  -0.4523099745  
0.08704565438  -0.1693717754  -0.09742197059  0.1600523244  -0.07462731141  0.09229298529  0.07733910158  0.09533834199  -0.1952148296  
-0.03785503467  -0.06690763398  0.07024392134  -0.1039209159  -0.07297551083  0.1097030195  0.07019784131  0.1185253652  0.1567178361  
-0.07795388884  -0.1707402429  -0.008302440902  -0.07320383628  -0.09560331007  -0.0991050848  0.1838355004  -0.124088121  0.1775822446  
0.01624273356  0.06112256685  -0.02019301788  -0.007034470867  -0.07171309947  0.1322080824  0.0001215615076  0.5333286289  -0.04703466291  
-0.006414480265  0.09643940864  0.07729983078  0.02919604836  0.1505673702  -0.01100502132  0.1263770061  0.244181543  0.2065126227  
0.006735765273  0.08019943552  -0.06529522659  0.05258586418  -0.1031731393  0.004822094305  0.08024226003  0.3084734891  0.09613586701  
0.0005294356387  0.00355661181  -0.05198250073  -0.01945668761  -0.05460322318  -0.02047607501  0.07434559406  0.2419827768  0.1290499817  
-0.02426296314  0.0578349705  -0.04506209272  0.1161850558  -0.0730945818  0.03028509054  0.1006930652  0.4640353776  0.04605671235  
0.06607275928  0.006132358503  -0.0894077947  -0.07128521065  0.04270612277  -0.04052750502  0.1387775742  0.1811565076  0.3126869305  
-0.147843633  -0.01073982949  0.05866245721  0.1049191603  0.02282918679  -0.2453579972  0.247070486  -0.1471759865  0.2904819079  
0.01274769149  -0.1384659496  0.042954857  0.004155245525  -0.1541242598  -0.1090467113  0.2146615624  0.109542463  0.2870852046  
-0.06537444211  -0.1264573806  0.02860815853  0.05736902003  -0.03379566976  -0.05421090149  -0.006835981953  0.5113141393  0.04631299221  
-0.08932679858  -0.1366083345  0.0630108174  -0.03150921133  -0.1125479682  -0.2413016757  0.09792286123  0.2017051515  0.1818807569  
-0.1709482184  0.06156515644  -0.1109321933  0.05460663583  -0.09291357174  -0.1558976214  0.1259670269  0.2134254073  0.07203759494  
-0.1111350914  0.1582530399  0.06993970417  0.05542261714  -0.04938663445  -0.08989695803  0.3454250365  -0.09961552798  0.3728990713  
0.04169237016  -0.08916982336  0.1078446275  0.1179150548  -0.01260381783  -0.09081865627  0.1502055818  0.1915373127  0.1718350044  
0.03513675496  -0.02727034035  0.09824522838  -0.03229500876  -0.0745149692  0.1402362992  0.01945237255  0.5126131262  0.007730932195  
0.03220437512  -0.1012629407  -0.03486249285  0.0221790632  -0.02268034403  -0.01521867189  0.09954013936  0.373813129  0.1484915421  
-0.01838323722  0.1403983215  0.06577724517  -0.05985896225  0.006000928129  -0.04630297475  0.1958149176  0.0424076412  0.3797164579  
0.003365059545  -0.004620520808  0.03286810956  0.05555296046  0.07385731056  -0.03785652359  0.2776838232  0.08445039542  -0.03522269791  
0.06608073722  -0.1718008274  -0.1166162345  -0.01740472312  0.3243681247  0.08706914415  -0.05281823417  0.4042626458  -0.04674053462  
0.2077752525  0.02243910999  -0.10953255  -0.04651942231  0.0746200843  0.3477442327  -0.2345803614  -0.1115570729  0.326413268  
-0.1992747438  0.2137919054  -0.04510317147  -0.07118275422  -0.03258970226  0.03455114508  -0.1393184273  -0.2721867579  -0.2139582054  
0.01530043144  -0.2277869303  -0.03000839059  -0.1390821036  -0.02923235492  -0.18586382  -0.1517040597  -0.3696419078  0.2818380635  
0.1141980271  -0.3719020683  -0.01413828032  0.0951229053  -0.2301008692  0.2708171952  -0.05281092888  -0.4351557102  -0.5746470704  
-0.03232711015  0.101197781  -0.1149666623  -0.04647445056  -0.1652510122  0.04453406509  -0.2510443457  -0.1966076534  0.1170839195  
0.01319750236  0.1897543913  0.09464724316  -0.08894650758  -0.09676835238  0.2051349592  -0.06095544935  -0.2627435131  0.3360816629  
-0.03698681013  -0.04072657156  0.1613776185  -0.07519972187  -0.01725892966  0.050588777  -0.03428531693  -0.1280331666  -0.7240117898  
0.04240312899  -0.1464412575  0.03515076157  -0.09805568617  -0.09191142794  0.1229133659  -0.08333720456  -0.2881514224  0.2422777625  
0.03825755362  0.1272604421  -0.1213952178  -0.1232991998  -0.02910064005  0.05911289992  -0.1539015841  -0.3112883259  0.2633549954  
-0.04310260396  -0.002059201388  -0.05886473324  0.06212311317  0.1036798782  0.1194879679  -0.05462115539  -0.1658317044  0.1670948816  
0.00579936699  0.1870576701  -0.003782331593  0.05769043687  0.02343141157  0.2011256288  -0.1282243811  -0.4190050748  0.2450041913  
0.08068368262  0.02583572665  -0.2591107224  -0.1407849724  0.06885898894  0.1980067993  -0.1312637636  0.159825888  0.1168872401  
-0.1151862329  -0.1428209994  0.04751390421  -0.004043645266  -0.08020455597  0.1574854427  -0.2561444147  0.2198506151  -0.2927278251  
0.07620598103  -0.1942013528  0.01825137357  -0.06388472319  -0.07381064277  0.006368110114  -0.1826271042  -0.2040476885  0.1595474882  
-0.03666453022  -0.1235429376  0.095559105  -0.06236696886  -0.05649022172  0.1093857609  0.009195174006  -0.2055482401  -0.1569924384  
0.0799838783  0.08302068796  -0.2077880059  -0.05605105915  0.1403466791  0.1098756512  -0.08106344912  -0.2223738969  0.4310045582  
-0.08817410597  -0.05800124686  0.03570278632  0.0096486058  -0.01943546579  0.02261648067  -0.301038355  0.1781365942  -0.1235107452  
-0.07847292109  0.1213531012  -0.1484091609  0.028366539  0.1776835949  -0.002241382534  -0.2048677817  -0.01524886047  0.08222724218  
0.009141581356  -0.1531765321  -0.04329393209  0.3430812349  -0.3901800501  0.3595031571  -0.1316275846  -0.237117887  0.0897981525  
-0.06660940455  0.1926108031  0.1171905374  0.04810907185  0.1503226518  0.2449723287  -0.03242896239  0.05779235309  -0.1656736885  
0.02574537555  -0.1084573598  0.03629485859  0.0891776184  -0.01228638826  0.112756181  -0.1607615431  0.09764206556  0.02369034115  
-0.06216882119  0.01883127951  -0.1775234355  -0.03582618937  -0.0014247892  -0.03660412843  -0.1666638959  -0.1316123989  0.157311689  
-0.05124751868  0.004555911204  0.04893095229  0.02793261568  -0.02484903034  0.1409775105  -0.1156283099  0.03498624225  0.09817541126  
0.1001525373  0.09073867426  -0.1478636609  0.05568889583  -0.02447469312  0.4138125692  0.1240220896  -0.4599924826  -0.9257771408  
-0.04567336916  0.01839898889  -0.1309384763  -0.01191365659  -0.03372059395  0.01139552226  -0.2164627212  0.2004835716  -0.1361958936  
0.1437276385  -0.1562161075  0.01737973918  -0.09218213639  0.05621512783  0.007356288284  -0.1177628188  -0.3058404574  0.3333735195  
-0.07387492728  -0.006338564239  -0.1259401676  0.01629168952  0.09981305753  -0.02068253416  -0.2022336509  0.02635120831  0.1592492535  
-0.05417107762  0.1062450305  0.04077414808  -0.03061371311  0.04288974345  0.2620745491  -0.1564566438  0.08642407889  -0.3136929815  
-0.0006847536898  -0.1709881561  0.06932803265  -0.06387212884  -0.266277405  0.154646119  -0.1435774604  -0.2350990412  0.09926008666  
-0.01539749122  0.1064495907  -0.1712683895  -0.05984718024  0.09603836168  0.1585438999  -0.2132328804  -0.005225058712  -0.02650299391  
-0.009867572332  -0.1242195591  0.1025509043  -0.02350013187  0.06238697276  0.1744453395  -0.1091819973  -0.1110880926  0.2556437131  
0.006991743058  0.09835951578  -0.03793337355  0.003758722861  -0.04332916819  0.2354153248  -0.2225515897  0.1001603381  0.1089872572  
0.1872970698  0.03891847815  -0.2848286998  0.04494153433  0.01766122957  0.07070617485  -0.2913171747  -0.1952685317  0.2200811807  
0.02552537096  0.05139632148  -0.1561220508  -0.04233083381  -0.04882819768  -0.002628905263  -0.2835932299  0.1068182774  0.1180769391  
0.02646371599  -0.1305243791  0.2944693189  -0.2584258812  -0.06787939078  0.1736488689  0.06422076981  -0.08882617856  -0.7235735825  
0.2054266714  0.353867248  0.179263342  0.2591303281  -0.1457214214  -0.2882281447  -0.3025259132  -0.1568140027  -1.030268961  
-0.1161007846  -0.1239735427  0.08769091031  -0.06460487796  -0.0628607626  0.06790699602  -0.1958663429  -0.05208088304  -0.8388742837  
-0.05589566352  -0.03101600953  -0.1528848216  -0.0410040938  -0.1445177046  0.02778887778  -0.1666652272  -0.1328014651  -0.1563818953  
-0.02753765759  0.1837972605  -1.385153986e-05  -0.01579400732  -0.08652207028  0.2341532743  -0.207158493  0.06089700766  0.1365628891  
0.3160395806  0.02267595924  0.4333049096  0.3998520339  -0.07373552204  -0.3940866031  -0.3165569563  -0.291518496  -0.05293602511  
-0.02198240838  -0.05174461714  0.04116687893  -0.04631589882  -0.09365881946  -0.004680884868  -0.250184022  -0.01753245373  0.07542023924  
-0.03520663627  0.1219397328  -0.01812685153  0.002848464518  0.05720322629  0.1558244982  -0.118968557  0.02151491236  0.1663758599  
0.001079511502  0.1522438571  -0.1609713796  0.04324549356  0.2342638352  -0.06852268192  -0.2473599028  -0.09852934768  0.2688198115  
-0.07661086336  0.1702233404  0.03956428044  -0.07687984928  0.0714367587  0.1195213464  -0.3789701755  0.4410484603  -0.3623981463  
-0.03339951092  -0.1376030232  0.0934593191  -0.04178376182  -0.1072359432  0.06636810873  -0.09341483551  -0.04111415002  0.1336377568  
-0.1128150893  0.106044327  -0.0664979303  -0.008622580396  0.06128308179  0.1050769797  -0.1648530737  0.2511825532  0.04872562104  
-0.06044130623  0.084580356  0.04573739376  0.04763106856  -0.08688599751  0.1901847767  -0.1562454222  -0.09302022816  0.1917044484  
0.03473002074  -0.1595604886  -0.03249441893  0.05293179855  0.04990925997  0.3733924827  -0.05744717651  -0.04661333804  -0.7719401565  
-0.133900116  0.1092733871  -0.04087067913  0.02576638084  0.07098618748  0.1490337606  -0.02299949062  -0.2251206979  -0.4334355241  
0.0294642118  -0.1704159031  0.1049481232  0.1796675523  0.229268119  0.2881679482  -0.05088012522  0.1256827154  -0.3669215634  
0.1038584543  -0.1941546261  0.01546187291  -0.1089397205  0.04165731603  0.1939005955  -0.2104317434  0.01647235152  0.1386684238  
-0.04242392601  0.1317975453  -0.04055911537  0.08542599954  -0.06075227857  0.2606128055  -0.201531253  -0.008587218666  0.06831862856  
-0.06014791764  0.08353387687  -0.1121298918  0.07636367932  0.004011205573  0.1520790791  -0.3026958938  0.3452209736  -0.1550152957  
0.1414842626  0.09512871161  -0.1118657998  0.01739528416  0.180371412  0.3116229364  -0.2165605052  0.2142805227  0.2066025056  
0.04013479538  0.08080492627  -0.01274549719  0.01166986076  0.1359345942  0.2258725672  -0.09870521108  -0.005061363102  0.1350313219  
-0.05933230996  0.3406945727  0.08475717318  -0.02624922885  -0.3809035915  0.0948907873  -0.03092337931  -0.7307388555  0.179970318  
0.04053270018  -0.08226288809  0.1638275555  0.01049214396  0.04477712013  0.2975513137  -0.1930264461  0.02230274922  0.2024735016  
-0.2170523723  0.1755527123  -0.08135957535  -0.06574413391  -0.02140405616  -0.08646698388  -0.06602622824  -0.2432378708  0.1209721377  
0.2806240002  -0.1175555327  -0.1687756396  -0.09483533338  -0.2648746801  0.4572601513  -0.1966407863  -0.1022446487  -0.6680510277  
-0.08068463387  -0.09346309201  -0.001775485673  0.0395985572  -0.05804815347  0.1652041551  -0.2191382857  0.05524087074  0.0266878292  
0.3291481144  -0.09926543817  -0.04418518904  -0.2001890476  0.0302238992  -0.3838584384  -0.3933929702  -0.2063241394  0.3230639373  
-0.1273178933  0.006890610478  0.107246271  0.001747968313  0.05540617426  0.07601768189  -0.08962446412  -0.1265645632  0.2007582758  
-0.03101137144  0.03508832381  0.01059109057  0.0171421227  -0.06951806457  0.02747431087  -0.2099799869  -0.09396573701  0.1193420458  
-0.1357174004  0.1471365169  -0.01899081427  -0.04120195993  0.01356421415  0.1680178748  -0.1454257593  -0.2227652161  0.2051330593  
0.1335428646  0.1064803214  0.1055364432  0.1209691633  -0.149091775  -0.1892524521  -0.5100890178  0.3133383146  -0.2633391018  
0.06116430144  -0.0842943698  0.03444524702  0.0682974537  0.2302840111  0.2093187039  -0.1585183548  0.1379034204  0.2012672573  
-0.04637434757  0.001415617092  0.2639025867  -0.2905717938  0.1134504434  0.1226596001  -0.09295396007  0.2068812954  -0.1015508607  
0.05867055153  0.06048013222  -0.074231281  0.01335863851  -0.0687735188  0.1718728323  -0.09072477054  -0.2311406945  0.2283956514  
0.005768909043  0.1099514029  -0.05152912456  0.05322343869  0.1306713392  0.2086811486  -0.2167865872  0.1028459757  0.1969936608  
-0.1445797579  -0.0339279736  -0.1275733818  -0.0238356996  -0.3129044013  0.04708276913  0.015277161  -0.439953936  -0.8950764618  
-0.02256422508  -0.15152262  -0.0847618737  -0.01680695908  -0.0189629428  0.06023913886  -0.2818711906  0.08013616747  0.05032419695  
-0.0002280370216  -0.3413750863  -0.01264215339  -0.05917940291  -0.05992673675  0.1781763551  -0.1865787173  -0.3687614855  -0.4539645573  
-0.06358048106  -0.0775537813  0.1403185112  0.08591550326  0.03874586906  -0.0008426063373  -0.05179958845  -0.3857373694  0.2880734888  
-0.01861997303  -0.04326140493  0.1008460334  0.009502129073  0.1253350102  -0.1535775167  -0.3055105562  0.1280266898  -0.04390136866  
-0.02497471356  0.03440102162  -0.01804085786  0.07257168595  -0.1044681105  0.305190537  -0.2348537996  0.02736372202  0.102104989  
0.02045674394  -0.214852798  0.01951422265  0.1893046713  0.1042234084  0.1921705265  -0.05628555232  -0.163124562  -0.07101841956  
-0.02297013235  -0.0884979061  0.1768530965  0.0456638402  8.198516354e-05  0.1703194499  0.05327469021  -0.3601843685  0.4286266756  
-0.1528113281  0.0009811522717  -0.0630478154  0.05144236361  0.1103718224  0.1137624257  -0.06850803019  -0.2389914904  -0.001533408634  
-0.1674569828  -0.08340208458  0.1686511964  -0.05757236103  0.1156394824  0.1036193631  -0.04182544789  -0.20216537  0.2220196745  
-0.1717669907  0.05446282424  -0.06779871663  -0.01234640869  -0.0811775536  0.06683148771  -0.2102800129  -0.02308621744  -0.07211338069  
-0.2658819394  -0.1180901838  0.09527209155  -0.01501218662  -0.05504136577  -0.0004686569747  -0.2101100476  0.1240850029  0.03955721566  
0.06062538412  -0.1986661318  0.1724113327  0.05474263448  0.03553960388  0.1978248026  -0.172596448  -0.1026087415  0.2384909697  
0.01074967569  0.2491523174  0.06451372652  0.02902976576  0.06861858893  0.1550655961  -0.1242717909  -0.2117562552  0.3159074588  
-0.01141225797  -0.005186008567  -0.06642554929  0.01184667867  -0.2017959315  0.1701662055  -0.3508528404  0.1232734971  0.09104045631  
0.005922174727  -0.1823345978  0.1784439724  0.03707309356  -0.1349453017  0.2213855681  -0.2710210638  -0.01867829629  0.174364517  
-0.00391493921  -0.04694713201  0.08471503125  -0.02526232951  0.2284222809  0.07516403133  -0.04292992705  -0.2730462397  0.348172373  
-0.07186470072  -0.03431025625  -0.0950918347  -0.09446908193  0.1709303172  0.02863231961  -0.1437119369  -0.119433161  0.1443991061  
-0.09364794437  0.05886865469  -0.03780887504  -0.06563532289  0.1039917165  0.02033265376  -0.2182782324  -0.03218588468  0.2117637516  
-0.05899337871  -0.1428647379  -0.1183637319  -0.06339532205  0.1059492054  -0.02591628514  -0.243500256  -0.1565928412  0.1662913484  
-0.08653233027  -0.07634791053  0.123442857  0.04881027858  0.1394565379  0.0129061864  -0.02031429081  -0.5365530955  0.3715345336  
-0.08918897124  0.133355097  -0.004784053373  0.01260009397  0.162660969  0.02551678405  -0.0715525956  -0.2236434261  0.2461939674  
-0.02162649794  0.1672152836  0.04672524284  0.05728879941  -0.1723922969  0.3218782428  -0.1354648859  -0.4161205917  0.1864271496  
0.03107417338  -0.02333540274  0.1151993838  0.131865781  -0.05554763222  0.1980419698  -0.1637521233  -0.6006214365  0.3432697184  
-0.03866343844  0.02062452758  0.04345755139  0.1139738532  0.008285372671  0.2228246951  -0.01997354227  -0.2381225074  0.183299206  
-0.1046158305  -0.07792909285  0.2207224314  0.1104923476  0.06265606531  0.1214237628  -0.07569336395  -0.1835449252  0.2009208025  
-0.06544555003  -0.07561720573  -0.1387582958  -0.09844860035  0.1544456327  0.02270159493  -0.3414112694  0.3623993654  -0.09423076783  
0.0007495643148  -0.1078940655  -0.1538816382  -0.007572378461  0.1836409441  0.08125448034  -0.2632418384  0.2387545601  -0.009497676504  
-0.1367539447  0.1421488853  0.01165255078  -0.1148058749  0.05438019622  -0.006205959097  -0.03674339397  -0.5034533558  0.3482359925  
-0.1375077834  0.1832695512  0.07456990266  0.03332870343  0.07665398608  -0.1765209578  -0.1558439091  -0.6939844189  0.1700753754  
0.02844379003  -0.06262814034  0.3395854819  -0.1781478455  0.1695806412  0.1215480298  -0.06507278996  -0.1232573284  0.1776653474  
0.01747088683  0.2355491146  0.04606034623  -0.01955213873  0.02096884958  0.1157370888  -0.1330267554  -0.1616976404  0.2457873234  
0.07456991084  0.1229056428  -0.07316940437  0.07244211907  0.03501260689  0.3386607308  -0.1676092205  0.1184366779  0.2013666058  
0.0265351777  -0.09018409745  0.1227941231  -0.07364935811  0.07504125573  0.0684400266  -0.2282746923  0.07210296961  0.2037645674  
-0.06117647706  0.0266801865  0.2532859822  -0.05276141427  -0.01299310148  0.2837991149  -0.1051028111  -0.03521537177  0.1793284961  
-0.01498436876  -0.01346637136  0.2048151759  -0.02448225985  0.001175211035  0.2562111608  -0.05664472941  -0.2201590087  0.3303092147  
-0.0439577707  -0.09299823072  0.0968961906  -0.0304962335  0.06860441785  -0.04504543494  -0.1054860732  -0.1723325605  0.2631254237  
-0.02880610761  0.04184528149  -0.09980020973  0.008045242796  0.09501888191  0.005155565051  -0.1001371664  -0.1956765251  0.2076852562  
-0.09838988823  -0.01314025127  0.1466639243  0.06780579302  0.07061538316  0.06967892921  -0.1477551648  0.023834953  0.174259352  
-0.0392204799  0.1535635702  -0.08787379748  0.06758180631  0.05976837817  0.189242498  -0.1378190088  0.236222866  0.08449839069  
0.07797868835  -0.09784610698  0.08191769252  0.04525109316  0.02777506858  0.1796879561  -0.1646608934  -0.06455338963  0.1660954314  
-0.05073044731  0.1235696533  0.09762047698  0.1095547895  -0.01046858256  0.1405640358  -0.1330439368  0.001869819584  0.09870610783  
0.002126974751  -0.04705533428  0.03694500081  -0.02452136876  0.1936902669  0.0936998025  -0.09079968385  -0.1578790468  0.3019151014  
0.03509439183  -0.02609127072  -0.1263362132  -0.03776559282  0.1882750905  0.1490318191  -0.181884412  0.05723675245  0.1666108909  
0.2415193559  0.125919974  -0.0839402948  0.03595066566  0.1449336647  0.2137632749  -0.04597868415  -0.1334623655  0.2027338775  
0.09420591775  0.02948675988  -0.005122956215  0.01135998905  0.05698905325  0.1328996846  -0.1152988489  0.05425449394  0.1101688175  
-0.1761532891  -0.02100692593  0.06122682839  -0.02123031852  0.03339057332  0.0938195988  -0.1066892217  0.007499583967  0.1594259775  
-0.149916857  0.0003676698552  0.1706220749  0.01686895744  0.05242479353  0.1568732472  -0.1147470707  0.07130124318  0.1595104423  
0.07715228125  0.1604407102  0.1295973136  0.1014900281  0.06153969887  0.2357236373  0.02093641842  -0.3012555524  0.3465638205  
-0.04104661209  -0.0866855405  0.2113812603  -0.02213731794  -0.008871287978  0.1762406369  -0.08206184114  -0.09796667161  0.1564760454  
-0.1395053621  0.1280402648  -0.02177731356  -0.07588444451  0.08666051696  -0.05103789205  -0.1430897017  -0.3944443545  -0.4274110908  
0.05493230724  0.2123769619  0.09843946143  -0.521818883  0.2329032833  0.1479895667  -0.161437081  0.01083665889  -1.03292272  
0.02648446584  0.07568831168  0.03495788161  -0.2257140836  0.005087498359  0.1905373711  -0.209909145  -0.05926758265  0.04459540032  
-0.01944531331  -0.04507194487  0.08771981358  0.1911683333  -0.01724503474  0.1734476715  -0.08955273803  -0.2507427202  0.131361014  
0.006218825383  -0.01318035979  0.1078889244  0.1150858853  0.02549565452  0.23667627  -0.1364467747  0.1118933976  0.0156913781  
0.1190269386  0.01132925087  -0.1738273046  -0.1082939405  0.06192662077  0.01938927262  -0.1851013021  -0.3972567001  0.4234063942  
0.03107026844  0.06963644913  -0.1554751497  -0.1030453656  -0.004670863114  0.05294337097  -0.1440800432  -0.3726204758  0.3862481647  
-0.145608553  -0.04669146091  0.1757432683  -0.09090340527  0.1237097639  -0.06277998616  -0.08765553742  0.1604430097  -0.1872499579  
-0.1551143884  0.06274746369  0.03396797233  -0.09725596044  0.1448026888  -0.05239889618  -0.08391268473  -0.1852911251  0.02407935003  
-0.09230265055  0.08930355889  -0.0830219621  0.07037895723  -0.043156601  0.04160224499  -0.1217921908  -0.2601387508  0.3185482719  
-0.03604061025  0.1060734893  -0.1673494083  0.134408819  0.02005863927  -0.0987029837  -0.2211443091  -0.1157961207  0.1047489078  
-0.02338474173  0.075112726  -0.08520618549  -0.0133994771  0.1424801467  -0.025508962  -0.2947897025  -0.2453709566  0.1873025574  
-0.07705064141  0.009298399456  -0.1701616714  -0.001519468166  0.07039995672  -0.03976251372  -0.1872190623  -0.5608959522  0.2803822879  
-0.1187854654  0.0811568702  0.08574780392  -0.0479352526  0.01521257313  0.2565043044  -0.04422518918  -0.1718020495  -0.4686356909  
-0.138974551  0.03885988767  0.2471190439  0.03875099216  0.1249681084  0.08575121991  -0.0981880363  -0.0476432428  0.065269919  
-0.07929298698  -0.1059311685  0.1214109005  0.162769427  -0.1331716143  0.1771572405  -0.1947200418  -0.1938256537  0.007148324569  
0.02688477382  -0.05503625781  0.05334682453  -0.07216434772  -0.09524714311  0.2878253761  -0.2015855552  0.11647198  -0.1200545799  
-0.01173627442  0.005660312272  -0.1036645567  -0.06584533946  0.2058872358  0.1259082499  -0.1964049797  -0.1199677187  -0.1069382617  
0.005875933728  0.03150424592  -0.1859257554  0.005556371986  0.1423326696  0.1457896968  -0.2009023532  0.09048845032  0.1074593955  
-0.1112568414  0.08651504695  0.05218149374  -0.009220193288  0.1753259329  0.2657628702  0.0005604992661  -0.1165947071  -0.8884956381  
-0.02099050017  -0.008248420767  -0.07544435288  0.1775642834  0.002315705269  0.3676089624  0.05456831464  -0.3093835508  -1.113909718  
-0.2360415033  0.07567947558  -0.115104686  0.00611777647  0.1308007456  0.1243802043  -0.1195760097  -0.09317213096  -0.5126186516  
-0.2116614622  -0.1683209885  0.0322118016  -0.03495046538  0.1599226488  0.1035803064  -0.08712243227  -0.3060050416  -0.6781742323  
-0.03432599653  -0.05979685942  -0.1881640417  -0.1042315879  0.03369978396  -0.1469485083  -0.4197309783  0.340637445  -0.03736537493  
-0.09402763196  0.07301360903  -0.01783472994  -0.08560577238  0.0868612405  0.02337506327  -0.1268103793  -0.1085608224  0.05007460932  
-0.05288594332  0.1042717926  -0.06524258931  -0.008041178921  -0.009426457427  -0.004014297864  -0.09262429724  -0.3871879691  0.2557833441  
-0.07335590449  0.09885646652  -0.03571081225  0.1334362628  0.02964296389  0.0532816598  -0.1486302461  -0.04398344103  0.1193898432  
-0.05315321042  -0.005051681046  0.06255120098  0.135317277  0.1480007189  -0.02509196845  -0.2967284368  -0.009008172909  0.02115017503  
-0.1694725748  -0.1100921366  -0.0113859895  0.1393489201  -0.04239067972  -0.008137135897  -0.1009673578  -0.4791312132  -0.09079673423  
0.0336952378  -0.1029859722  -0.03945921104  -0.01851584331  0.04698392261  -0.08002326609  -0.2094976373  -0.1340341179  0.2022844034  
-0.006635249642  -0.06094813749  0.08101092587  0.218849207  0.1428971268  0.06726175254  -0.1941674683  -0.008645689116  0.1144047457  
0.03673979849  -0.1508569634  0.0294771281  0.01118230839  0.07313389687  0.01414186733  -0.1280408892  -0.0689442489  0.3155621204  
-0.05834548882  -0.137057128  0.08030625666  0.1023334035  0.05201945073  0.1462006925  0.01941374679  -0.2520738793  0.1832308581  
-0.113349564  0.1495654116  0.05243403714  0.0570750083  0.1093461279  0.1541342092  -0.04450538138  -0.09649147068  0.1433511575  
-0.06431721244  0.117270681  -0.01375969259  -0.08754903998  -0.008516272884  0.05361424642  -0.1552614187  -0.2447381698  0.318065258  
-0.02153248722  -0.1074182401  0.08244838472  -0.0416056848  -0.07674481406  0.1034621238  -0.1900091502  -0.1201511395  0.2212615415  
0.08578446958  0.07535466389  -0.1011146065  0.02289347152  0.01856341839  0.09267494413  -0.1952697802  -0.1094976151  0.166434628  
0.08660582239  0.04120662691  -0.08986643624  0.1696124704  0.1018911144  0.1061557272  -0.1769915302  -0.1802992875  0.2745838571  
0.01457374416  0.1122927186  0.005270152617  -0.01137779909  -0.1874565749  0.1850274301  -0.1842954263  -0.1299391037  0.1303205316  
-0.02765721689  0.1001374611  -0.1258178698  0.04580786088  -0.1980040135  0.1496173097  -0.1935904852  0.003052784382  -0.04403761046  
-0.1394109897  0.04831182114  0.08655394911  0.1153371532  0.2044908352  0.1088173035  -0.04337201729  -0.04882508249  0.200849212  
-0.1262167169  -0.0216670502  0.2229891578  0.1134105482  0.1610094652  0.144366526  -0.04155081641  0.07131449624  0.1198992261  
0.03696518256  -0.09536737534  -0.01091190749  -0.03548494156  0.1021465643  0.1397845723  -0.2856351895  0.2118517723  0.1365948932  
0.01351297315  0.1451627262  -0.09235685137  -0.06482216697  0.07078243207  0.2166712534  -0.2215374464  0.07568244698  0.07338344551  
-0.01499737025  -0.1912448754  -0.07190724325  -0.07763688845  0.1964014548  0.01844892233  -0.1118816189  -0.183100441  0.2868931792  
0.08171671408  -0.0916160808  -0.01600218603  -0.03975681492  0.1435346555  0.1657639069  -0.06740800202  -0.1712305398  0.3252191461  
0.02937127725  -0.005455417637  -0.06522871743  -0.02587467837  -0.1220432658  0.07852788679  -0.16693495  -0.4296581476  0.2209164779  
-0.01223654314  0.02834294175  -0.1158056356  -0.06553170739  -0.1093581367  0.08408938299  -0.2493490433  -0.1081107812  0.07821350987  
-0.02304704616  0.1251405741  -0.06043634379  0.1697908802  -0.1367983074  0.1787317808  -0.2641996613  -0.05021961225  0.0930704862  
-0.06820532372  -0.08871257628  0.08883672131  0.07330082709  -0.1632008113  -0.03038734435  -0.2431657929  -0.1828874048  0.2983633909  
0.0656815025  -0.1339657377  0.007916026969  0.1757377544  0.2374095732  0.1183623638  0.03194248976  -0.3457763076  0.3973040671  
-0.1305959305  -0.08151108545  -0.04733456129  0.06861208294  0.2528742675  -0.005229092243  -0.3197326566  -0.1653706802  -0.1607717683  
-0.2966383474  0.1198404175  0.2511940256  -0.04751787545  0.1703091855  0.02243625797  0.09371709945  -0.9357478665  -0.2313083853  
0.2732211845  0.3535928303  0.1553926188  -0.1196388726  -0.2336762099  -0.04826552285  -0.1703366205  -0.5096735058  -0.7650068862  
0.00126738472  -0.03923722419  0.1151739017  -0.006121440941  -0.05191807498  0.2320443085  -0.1889435729  -0.1030178219  0.2087024773  
-0.06516520414  0.1066192967  -0.02805904661  0.07545666654  -0.0896603609  0.1615443402  -0.1514546472  -0.2536063812  0.08361142141  
0.05920821004  -0.05858162994  0.03476709174  0.03111931655  0.03872650115  0.1801681843  -0.1565658651  -0.07994386425  0.1537228629  
0.07529452818  -0.1134429241  0.05598636946  -0.016166384  0.05817382801  0.1523447093  -0.1091175599  -0.1716939897  0.2612412141  
0.02315701572  0.01997746892  -0.09912356418  0.1109150668  0.1442852411  -0.07164264855  -0.1065968341  -0.2022850771  0.3040897305  
0.02604628143  -0.06298785503  0.05311592293  -0.01115357156  0.001314279983  0.180569216  -0.2702911741  0.1794920198  -0.02987455287  
-0.03480638447  0.06893401005  -0.04584173036  0.01442335633  -0.1034278833  0.2038769883  -0.1763044562  0.0009139898292  0.04922416246  
-0.06400799368  0.1544744207  0.02639691481  0.04835492797  -0.03893706291  0.3239454954  -0.2394637565  0.2642797672  -0.05592596676  
-0.05534392244  -0.04101956332  0.006234753861  -0.1099757045  -0.1098239696  0.2173538048  -0.3776426565  0.3787518748  -0.1067287378  
0.1192799409  -0.08255935941  0.113477387  -0.06956682679  0.0256222968  0.06365396029  -0.1523908767  -0.4619840787  0.3139125336  
0.1240944453  0.2535765499  -0.01565739931  0.0218837857  0.01526054199  0.171082006  0.07117363036  -0.6945077321  0.3887698644  
-0.006483741709  0.005001386143  -0.1657245381  -0.01862256333  0.02135105064  -0.05701844273  -0.2095653764  -0.1019126784  0.007010506701  
-0.03268015743  -0.1192744176  -0.07072874741  -0.03592464585  0.1141137815  -0.001551108607  -0.3582047372  0.1368080002  -0.06535903398  
-0.04167399542  0.05419174203  -0.05622800929  0.06864546667  0.1091694957  0.09445076398  -0.07210454  -0.3040811758  0.1171646552  
-0.04319349264  -0.1039228726  -0.02786137899  0.01894978215  0.03619846977  0.01870230468  -0.1236532393  -0.2122900192  0.08520438014  
0.01333662686  0.0378120637  -0.08418392151  -0.02846253103  0.0355712082  0.05002266064  -0.147307707  -0.01576791698  0.1290864919  
-0.03158538278  -0.09189914669  -0.09221771858  -0.06812024803  -0.1189026503  0.003777455022  -0.2043606326  -0.124417055  0.1012898326  
-0.0137605809  0.02365207135  0.2066930282  -0.1084709353  -0.0441295506  0.1041643867  -0.2441177042  -0.144282387  0.1676350162  
0.005268007828  0.07860305877  0.2026411932  -0.0234925936  -0.3157326703  0.08780952273  -0.1182408141  -0.5960903621  0.2073325379  
0.0662640343  -0.0915548759  0.03533925773  0.0621038325  0.003364019935  0.1169390568  -0.2208342413  0.1314095491  0.03345515104  
0.04329988968  -0.117416699  -0.09519086457  -0.02944273599  0.0711453182  0.09077380203  -0.2736427086  0.1968027639  -0.02865787681  
0.01217273203  0.1068115523  -0.01409920066  0.1555574104  -0.1048011725  0.3345823226  -0.1025719988  0.1258270703  -0.005132555046  
-0.00370354513  0.1322168836  -0.05312927989  0.08657529717  -0.1185745541  0.2500986917  -0.1285374342  0.05227720811  0.02478104228  
-0.04189924856  0.1044395812  -0.09368950531  0.04277302378  -0.04582990477  0.1381332478  -0.1120821732  -0.1656769742  0.08914396987  
-0.09697993598  -0.0969852247  0.03307030649  0.04573230497  0.01080421096  0.2852956994  0.004053793539  -0.3226162871  -0.7285627622  
0.0335958293  -0.1426858321  -0.005291446859  0.2165150077  0.2137460859  0.3814566539  0.1546955769  -0.5606552505  -0.5182451557  
0.08579021923  -0.1623368857  0.1068577341  0.02447408422  0.1347673424  0.3303921904  0.06503678262  -0.3635243895  -0.6863891484  
0.0256346798  0.134815921  0.1217942716  -0.03051652231  0.01733457969  0.115563784  -0.03482261559  -0.4396170921  0.1382745073  
-0.01485869847  -0.008500858213  0.06438504524  0.01280619748  -0.05707778456  0.1335396668  -0.1395823948  -0.3111667608  0.1658790256  
-0.1070578078  -0.0396032669  0.09548606798  0.1983644188  0.1312506897  0.2031133381  -0.1535567794  -0.05001494481  -0.1964379336  
-0.1486347705  -0.04032190353  0.0202689379  0.01753076697  0.1239787597  0.00268198895  -0.1856419676  0.05695130078  0.1026343768  
0.01149872498  -0.1371164976  -0.01028972117  0.1684445839  -0.1337271947  -0.04687147999  -0.1576383576  -0.3191879988  0.1541422634  
-0.1294733909  0.02379001475  -0.1103537013  0.2368866676  0.03894200144  0.1176821005  0.07288072665  -0.6573312665  -0.02703002912  
-0.08893957272  -0.1739494702  -0.003283697433  0.05866226143  0.03889494171  0.01466072922  -0.07636399213  -0.3646438501  0.3340523171  
0.03389455127  -0.07773808434  0.2222137775  0.03621440914  0.2101104405  0.1954978315  0.009822829125  -0.5197677184  0.4652337826  
0.01238975891  0.06141136597  0.03826458765  0.0435943451  0.1527021156  0.1726817846  0.09947235566  -0.7433528513  0.5855533849  
-0.10957569  0.04885656194  -0.03326903753  0.06941531014  0.04722756227  0.1601713454  -0.1621675963  0.0992826334  -0.06790685486  
-0.09395989698  0.04251152963  -0.01642224396  0.08757913089  0.01895977578  0.1623549952  -0.1147708291  0.1695937314  0.008649850598  
-0.03216870404  0.04150298704  -0.1396695626  -0.1752426705  0.3381844111  0.03537546527  0.01850726469  -0.3929112762  0.2346040533  
-0.03728533565  -0.1712738331  -0.05105805724  -0.1816771429  0.2139762876  0.04828545543  -0.05622544186  -0.4708860618  0.3174107468  
-0.1140020549  0.07062058858  0.01685710754  0.03254532019  0.07113691473  0.2023026307  -0.08758303927  -0.1821724293  0.08496959811  
-0.04626180533  0.02122793614  -0.05152461813  0.01644195439  0.1328456222  0.125228331  0.006183943368  -0.3014052825  0.3759793818  
-0.208098416  -0.1558076998  0.09107910847  -0.06530609975  0.03864838332  -0.01414916608  -0.01240122329  -0.60031526  -0.5306291018  
-0.03903174411  -0.1925730332  -0.09375519003  0.1248168952  -0.1087372006  -0.1477401545  -0.2885122625  -0.1630050413  0.111304138  
0.141582196  0.07735077047  -0.114277459  -0.0196241429  0.05221062242  -0.2233673784  -0.5705176385  0.3042445304  -0.1699182264  
-0.0680690167  0.0830527916  0.01273407134  0.05448054114  0.09743309006  0.07822612963  -0.1440600332  0.1498751405  0.1068738553  
-0.03498486228  0.1432222923  0.03001679333  0.0001163509462  0.03106470729  0.03309032187  -0.1413930608  -0.1126635861  0.2116166108  
-0.04926006239  -0.04279674696  0.1400529547  -0.09735635886  0.001038672266  -0.256362351  -0.01925526731  -0.2256895917  0.1769823444  
-0.08936090356  -0.06869254596  0.1179793317  -0.0837302806  0.1146177836  -0.2492540643  0.102627703  -0.6497418045  0.4636648951  
-0.03817888288  0.0006817295256  -0.05728129253  -0.02534215528  -0.114596468  0.207906745  -0.2379016559  0.2233707118  -0.02197487505  
-0.004949311115  -0.1258434589  -0.04921301536  -0.07706047397  -0.1139830617  0.07267855157  -0.2106783341  0.08853023308  -0.01824190307  
-0.02631690374  0.1270751944  0.0420928068  0.04750291214  0.001752759669  0.1351841985  -0.1725150728  -0.133416177  0.05997626985  
0.01366777983  0.215308665  -0.04134666987  -0.0201838718  -0.01698474499  0.1450859932  0.01605870615  -0.350162896  0.2208302986  
-0.02369973936  0.06639575534  0.04718682569  0.050793297  0.05093985472  0.1038141311  0.006500071842  -0.3513181804  -0.05494375989  
0.0366197415  -0.1648257766  -0.02059244295  0.06969154522  0.2173525673  0.0610739636  -0.03843115251  -0.236535452  0.4123312901  
0.1853622744  -0.07196535821  -0.0830504928  0.03973025382  -0.0387972349  0.2908075399  -0.1961055956  -0.1001361694  -0.4243481996  
0.1034795454  0.04236923923  -0.1962438729  -0.09030444033  -0.04169296866  0.1047842748  -0.2391434729  -0.08632118399  0.08092922173  
-0.0308378277  -0.1132415054  -0.04608999763  0.05469241985  -0.04224990968  0.01575050919  -0.2509337959  -0.1101785994  0.2124197713  
-0.07469273921  0.2948801057  0.04148061728  0.03751783052  0.1150464024  0.1811008178  -0.1250836647  -0.2742467261  0.00314966384  
-0.02519209405  -0.06117139794  0.08056338733  0.04598006577  0.0209384338  0.03684598983  -0.1123055441  -0.4749481204  0.3022853261  
0.03225664418  0.1848092804  -0.02899508981  0.1163808352  0.08408945555  0.106645893  -0.0067545807  -0.7584100982  0.4047520168  
-0.0105157775  -0.1096956826  0.07346825756  -0.141855708  -0.2111833511  -0.07783495466  -0.2783149538  -0.3315031057  0.09369639846  
0.09632457597  -0.06494231447  -0.1880243881  -0.04774668783  -0.03745351542  -0.158742332  -0.3038352054  -0.3307116856  0.1864265706  
-0.1472024924  -0.003485795643  0.1525157173  -0.02390175849  0.1202883409  -0.03996587028  -0.07299124145  -0.2032737816  0.1256397151  
-0.1662725598  0.2482438274  0.1138584239  0.1044634134  0.2234543232  0.1015842852  0.185576685  -0.333893259  -0.7239415269  
-0.05712868834  -0.1484029088  0.1471421217  0.07653334348  -0.0008691170732  -0.1413023218  -0.1615029023  -0.239167382  -0.4069704433  
-0.09372092631  -0.1184425089  -0.1394043903  0.1344654217  -0.1527985767  -0.1200555281  -0.1840374195  -0.5799851456  -0.007430434351  
0.02413058853  0.2026576757  -0.04365773811  0.1073750557  0.01524052259  0.3400327556  0.0650497631  -0.2916090159  -0.5924397752  
0.06742347234  0.1799874338  0.05798220671  0.07587136992  0.06666988768  0.2241253667  0.02795200778  -0.06553801469  -0.3404892514  
-0.01871594659  -0.07698545014  0.00362459176  -0.1042095754  -0.09997435293  -0.1031458011  -0.2325801561  -0.1644213971  0.1680844449  
-0.09009251167  -0.03375087984  0.07235316036  -0.07860079593  -0.01072941131  -0.1818820927  -0.2395973811  -0.05725686874  0.1087495903  
-0.07147029751  0.2215509029  -0.003342752483  -0.117713029  0.08153129086  -0.06619787454  -0.161151491  -0.02519672687  0.1132963717  
-0.1645631243  -0.1301575704  0.02467183878  -0.02108201933  0.05803762168  -0.001469555488  -0.1789047418  -0.005619504611  -0.530682789  
0.1699297585  0.07716356615  0.3198586075  -0.1924497812  -0.01422007177  -0.1567352552  -0.2409502107  -0.1008997567  -0.8088187262  
-0.0754458983  0.02561452583  -0.1795649321  -0.1155043798  -0.2020465148  -0.1006667566  -0.2207458555  -0.1097025143  0.1325825185  
-0.1031573905  0.09731635962  -0.06234867161  -0.0511141704  -0.1544125869  -0.08461337752  -0.1246515469  -0.3411776122  0.1905939266  
-0.1506682599  -0.09946108835  0.09373320141  0.1290409278  0.1783883584  -0.2423903137  -0.1161120124  -0.4681077242  0.2984809278  
-0.1333132553  0.008076199499  -0.126143526  0.01488191398  0.1702987726  -0.007318290594  0.07295216661  -0.4416863131  -0.4409256772  
0.01734563637  0.207673016  0.02321336732  0.04466899885  0.01413731147  -0.2153346584  -0.4164975787  0.3253672565  -0.1922851203  
-0.07290398238  0.04577669438  0.1856581913  -0.1978342742  -0.0124695943  -0.1142490452  -0.1138967553  -0.4876160955  0.1338534422  
0.03120378652  -0.1938129955  -0.01549407746  0.09680246155  0.1064821267  -0.329392975  -0.0888663864  -1.010440785  0.2559556092  
-0.01246501809  0.03679910762  0.04318597211  -0.1418696156  0.112312915  -0.2048139885  -0.4683023909  0.2341587722  -0.1865366851  
-0.04217706865  -0.02583904727  0.2078187788  0.01115287812  0.2219882326  -0.1741171556  -0.2109593005  0.03802860438  -0.3497839108  
-0.07594373799  -0.04031666343  -0.1725504177  0.006284682842  0.02953620486  0.07891169661  -0.09870249952  -0.2446157434  -0.4327548588  
-0.004333213321  0.08098894688  -0.09289072774  -0.04506294881  -0.136911773  0.004636826741  -0.2821948199  0.2751307658  -0.03829120886  
0.05741875945  -0.1082079062  -0.02407226702  0.03824522717  -0.1643992292  -0.1258984274  -0.2898068258  0.09324767306  -0.01522555071  
0.1102474312  -0.003236210808  0.01953581315  -0.1291239709  -0.01103355796  0.3783025177  -0.1720137675  -0.003971242277  0.02727938131  
-0.002594484699  -0.07292973766  -0.01153368592  -0.007021761162  0.07556262419  0.1993007062  -0.2265719121  0.1697224249  0.07354528593  
0.09176013506  0.05514522321  -0.04531051909  0.07729704915  -0.02736801786  0.1239175799  -0.1361711908  -0.04348038457  0.2348626975  
0.03287875479  -0.06035673456  -0.01607387313  0.07998723436  -0.02401894763  0.07423115559  -0.1242339303  -0.0480027501  0.2665746023  
-0.0866558204  0.2643284143  0.08341052325  -0.03359020537  -0.104285752  0.05029163713  -0.1607626621  -0.1446426614  0.2384321146  
-0.04761877515  -0.05513556515  0.08649851216  -0.08311113279  -0.1484320631  0.1272795624  -0.1735834694  -0.1261938751  0.2758196975  
0.08365750252  -0.02053857952  -0.1000107188  0.2107266817  0.05806189829  0.1286371813  -0.1993081116  0.1693998478  0.003065106528  
0.06671632076  -0.07523003741  0.1243664387  0.01320775021  0.002666961862  0.2027958823  -0.06787680075  -0.04397688078  0.1289656025  
-0.01668010042  -0.06900261071  0.1480157394  0.0990689555  -0.02039755261  0.1675488172  -0.09066005573  -0.1190480934  0.1443510145  
-0.04043462154  -0.0695126025  0.0005637686633  0.07097132834  0.1012552451  -0.1181503234  -0.2214055825  -0.2899042537  0.1553039498  
0.04853731601  0.05441927046  -0.1570006415  0.1938444408  0.08982671085  -0.1061866051  0.03964550059  -0.3643902029  -1.223851957  
0.05510526758  0.1779946946  -0.03138533298  -0.02933403795  -0.03089080165  -0.05780617361  -0.1330232459  -0.1347274189  -0.7835471722  
0.3823308112  0.1794362332  0.05074616731  0.4143860548  -0.3091048262  -0.501362899  -0.5193841944  -0.3552898727  -0.2052701626  
-0.08855885872  -0.2850998591  0.03119069574  0.09567876206  -0.0798200047  -0.1263958344  -0.2796149593  -0.5859726801  0.08935726585  
-0.01577467873  0.1279696467  -0.151547218  0.06313654038  0.1640566381  -0.2007224003  -0.134729471  -0.03528391676  0.1952064071  
0.03106219381  -0.08230495677  0.02502428156  -0.08178880242  0.1540203927  -0.349711386  -0.1204912815  -0.5351109962  0.3581831153  
0.01132656614  -0.02144747939  0.06879330445  -0.2320986508  -0.02148267662  -0.03998579038  -0.2385865883  -0.06964900395  -0.3364753387  
0.1659108951  0.163097032  0.3259749213  0.307441409  0.05809545466  -0.4090726919  -0.307247882  -0.009689608934  -0.8591220266  
0.03982325688  0.1314186081  0.08162536431  -0.3171362445  0.05602421629  -0.2630372295  -0.1401384837  -0.3970896303  0.165303016  
-0.1614958079  0.03422355824  -0.03549277705  0.04584246762  -0.1858048496  -0.1599554601  -0.3846934717  0.2275228538  -0.2521949414  
0.1290960288  -0.2117041606  0.002771736604  -0.1510937077  0.1360434473  -0.1716878317  -0.004518687956  -0.6511858761  -0.3636833207  
0.08465596444  -0.07208104737  0.05803252102  -0.1201440452  -0.2858559166  -0.08267180918  -0.04947239334  -0.8468327655  0.0896840958  
0.0946048702  0.1416099132  0.1536653965  0.1512243168  0.08965278402  -0.378398386  -0.3422486727  0.1797686352  -0.1999675339  
-0.1890196415  0.2327049183  0.2157546792  -0.2702256743  0.2817877951  -0.07313226466  -0.2564271926  0.05652343847  -0.7067167172  
-0.02118958036  0.01434700163  0.3006618402  -0.07964160036  -0.1236773725  0.09946918738  -0.009505465321  -0.4976413004  -1.042203915  
0.2145181792  0.0212340955  0.1889406414  0.154838555  -0.1436778728  -0.4741585722  -0.4840549054  -0.03429362735  -0.06589862152  
0.06292997729  -0.05771961395  0.07633541685  0.01794824542  0.01068110683  -0.133973701  -0.1030070031  -0.2617570292  0.1958035593  
0.01556202935  -0.04896059573  0.09115214325  -0.1424219143  0.04491054874  0.1404241444  -0.2727556351  -0.07675945455  -0.7796802403  
-0.07721215434  0.03602076732  -0.1486626774  0.005357632085  0.1825624719  -0.08478402358  -0.1797174175  -0.1221017707  0.2075355543  
0.3113262449  -0.02166054617  0.1202763321  0.05934130508  0.04956561137  -0.4307672469  -0.37030561  0.0469903078  -0.06258378862  
0.153086823  -0.1616065828  -0.1315434006  -0.06193279069  0.1950192686  -0.09314834758  -0.3902259876  0.218271913  0.1028524013  
-0.1971803917  0.1925368747  -0.08351430506  0.1762994416  -0.1175423114  -0.08787224724  0.0003657598255  -0.5542749444  -1.310317494  
-0.1516284393  0.05854955763  0.03520317755  -0.1645038474  -0.05873008321  -0.3389489  -0.4118680283  0.01486252874  -0.02839804297  
0.04506387423  0.2915711061  0.1238626733  -0.4263288579  0.1301874603  -0.1262715141  -0.1615636465  -0.1219510098  -0.2274538853  
-0.08506703865  -0.06751444994  0.03839970408  0.2610158566  -0.01116396145  -0.3517156698  -0.09731456891  -0.3764051711  0.2036561642  
-0.03629231436  -0.008913965235  -0.2013456445  -0.00951813681  -0.1799988056  -0.08380034951  -0.2968223677  -0.1990802873  0.0106916462  
-0.07792579893  -0.1010762046  -0.2280257721  0.2630886078  -0.005929843339  -0.008790833907  -0.1012719106  -0.4826366962  -1.113802901  
0.1098636279  -0.2047800363  0.2526638016  -0.286959332  -0.01607736882  -0.1984981141  -0.08683452451  -0.780810161  -0.4817045752  
-0.1512263466  -0.0936311589  -0.03595588347  0.03798787835  -0.08322278606  -0.08721006247  -0.3948495564  0.08320761571  0.03769369105  
-0.05106635115  -0.108569759  0.1568536917  -0.01855252111  -0.002171697934  -0.2484407555  -0.4020358282  -0.1610143215  0.02286040651  
-0.01228729745  -0.04625685318  -0.2422423106  0.0273814562  -0.05527751984  0.01121623956  -0.3717030262  0.1195506591  -0.3632147514  
0.05378159032  -0.1332840299  0.03851429474  0.01574396453  0.06170904996  -0.134942404  -0.1848019252  -0.5099082918  0.3151431562  
-0.1030863164  0.237963093  0.1102205766  -0.1013687511  0.2201185725  -0.08080531754  -0.3137487311  -0.01004678148  -0.6226594457  
-0.08177387205  -0.2407987124  0.04665485073  0.0141118409  0.02636823777  -0.05362966527  -0.09129252532  -0.2008236966  -0.715476801  
-0.188021028  0.04124385021  -0.09286532507  0.1597893123  -0.04235261062  -0.2802119177  -0.3544496896  -0.3223132654  0.06250682246  
-0.02153115659  0.03255909573  -0.04281197681  0.0179462819  -0.06755030586  -0.1588363714  -0.2341063147  -0.1558397243  -0.3016808915  
0.08059140809  -0.1526771915  -0.06716117651  -0.003599045924  0.1164639306  -0.04829001465  -0.3230029805  -0.03554879131  -0.3005103296  
0.19433486  0.04413819166  0.209773533  0.2899760108  -0.0007515992847  -0.238971753  -0.2298320916  -0.5538882488  -1.47696281  
-0.1907834279  0.2076080426  0.06038712563  -0.0253657103  0.07982245728  -0.002676203908  -0.2866862016  0.2409437826  -0.1419523573  
-0.07926994105  -0.09868989509  -0.07073748755  0.1677005725  0.05265700684  -0.1120486994  -0.3257476107  -0.2601665233  -0.2610863504  
-0.02195544397  -0.1482302948  0.06492874435  -0.06525459431  -0.1790217309  0.01113376041  -0.3182717157  -0.01372494353  0.1148398947  
0.07182123326  0.169523214  0.09592703293  0.04376052575  -0.2116657835  -0.3871140432  -0.3286382307  0.04037896361  0.1025933331  
0.2062038297  0.05338586251  0.09368730079  -0.02325489325  0.08291301024  -0.3344986194  -0.429953879  0.06887604341  -0.06627123764  
-0.03143666058  -0.1026498581  -0.120341045  -0.01593213082  0.01708521846  -0.006400839955  -0.05660683836  -0.2712811312  -0.6930297239  
-0.03189941389  -0.03971072721  -0.002865224678  0.1875425649  0.2146653287  -0.08473135129  -0.04732724277  -0.08864466694  0.1785211445  
0.03152890593  -0.05250120174  -0.3826139252  0.08773612791  -0.004671657765  -0.1421937932  -0.1169538756  -0.1115898687  0.163569959  
0.05338749194  -0.05652466449  -0.1614146316  -0.01816233377  -0.08649913963  0.1240758661  -0.03402206739  -0.4391070205  -0.9801291545  
-0.07312190579  0.07207859121  -0.3002097915  0.05755291607  0.1228797006  0.1230563048  0.01411504041  -0.5558991417  -1.009496901  
0.1309091915  0.1398534504  0.004227138613  0.1352673127  -0.2120833643  -0.3234942609  -0.3167265618  -0.1027028168  0.06202871004  
-0.03492556554  0.009050671266  -0.07210916505  -0.09722101267  -0.1199125153  -0.1095692064  -0.2672329032  -0.06654326332  0.2099794126  
0.07344206939  0.0369497794  0.2416494287  0.022940019  0.243377547  -0.4011495506  -0.4786715269  0.3168283534  -0.2177493976  
0.1614139691  0.1732708439  -0.2226738777  0.1744783138  0.2782898097  -0.3119884355  -0.7408630825  0.2900071099  -0.3964228826  
-0.0632348492  0.04435113322  0.02223873871  -0.05744239856  0.05314149589  -0.2181222425  -0.1406658375  -0.1899766967  0.008224226909  
-0.02219052825  0.07682019929  -0.1284241898  0.1239338629  0.07405261172  -0.121549135  -0.1167322084  -0.0003564671387  0.1521682935  
0.04947475777  -0.04183876323  -0.2679817986  0.04833032162  -0.04576197952  -0.04528868951  -0.1820597853  -0.3750795058  0.20517175  
0.09058348025  0.05414825878  -0.2947635025  0.03055344253  -0.08140631042  0.04620945596  0.03341249698  -0.9289077351  -0.4264454581  
-0.001891962524  -0.2760370206  -0.2015550426  -0.1093383011  -0.2291456624  0.1624854292  -0.3668381806  0.1471914942  -0.7035545745  
-0.1802757919  0.07901556043  0.05884106117  0.009867858154  0.06275956704  0.2429080516  0.07974497403  -0.5809151093  -0.3578504177  
-0.02404582814  0.1083546259  -0.1106619869  -0.07068809939  -0.103893552  0.2423032203  -0.2012559871  -0.05641670718  0.07021980934  
0.06247036939  -0.02630759508  0.06496185071  0.03630861309  -0.08263567129  0.2894563808  -0.1618495371  -0.08816168863  0.1488825033  
-0.08124122168  0.208528353  0.1068563196  -0.08966072562  0.03704589364  -0.1139732507  -0.116178079  -0.3084273093  0.02898417757  
-0.1939967225  -0.1268696767  -0.03998545724  0.1146418916  0.005905615047  -0.1454001967  -0.3542998607  0.2094083135  -0.1758329997  
-0.04760077706  -0.03753653523  0.1459300286  0.02540162082  0.03305991845  0.1305411797  0.02804392567  -0.2512774017  0.2483430473  
0.00699331357  0.04822516448  0.03178074533  0.1414190186  0.1348281686  -0.03042770951  0.2624246048  -0.08769756958  0.1963264465  
-0.141447792  -0.04096587907  -0.1225622313  0.01964903841  0.01773561628  -0.2368652811  0.1376536072  0.02165279006  0.1374215643  
0.02730874272  -0.0536795758  -0.01822337214  0.07005005013  -0.03734093958  -0.007488304312  0.163173782  -0.0491043648  0.1540441014  
-0.07608835931  -0.07166626212  0.07565928808  0.138269094  -0.04629568466  -0.05725478061  0.09420481638  0.3135635056  0.06114501396  
0.07822265196  0.1121624942  0.09086974604  0.007704511719  0.01347443784  -0.3480135247  0.09951311307  -0.05276241851  0.3179643114  
-0.09114831146  0.02388739933  0.02894738999  0.1374946044  0.01020733893  -0.1239535609  0.2096814554  -0.2120193811  0.3364081481  
0.02419720946  -0.01001974097  0.05011173121  -0.04686924597  0.08451440197  0.02457684027  0.1361339048  0.3971166508  -0.3659551426  
0.06313732948  0.03877376125  0.005270081944  0.09657426586  0.02812532639  0.1354254046  0.05174814287  0.3105324606  0.07303735724  
0.08249493347  -0.00159210308  -0.009895327441  0.08847575137  0.2050219797  0.06769014012  0.2813500361  0.1207458199  -0.5264145157  
0.1387624648  -0.1069695949  -0.09326412662  -0.09756413775  0.2582407948  0.1167818712  0.04060367485  0.404483382  -0.847268098  
-0.06495761364  0.0478972266  -0.03094448131  0.08320082464  0.02191293722  -0.06680496706  0.2516219713  0.04115388942  0.1471511287  
-0.1682218751  -0.1653909237  -0.03337596082  0.2712035299  0.1388161474  -0.02828731639  0.2039299112  -0.01457096144  -0.8673531475  
0.02621661382  0.05727123665  -0.08694148874  -0.1015806576  0.1317967388  -0.07350621026  0.3027889958  0.1281573345  -1.069365847  
-0.06813459957  -0.0870149243  -0.01865778892  -0.05656615244  0.1103074666  -0.2124592553  0.04890645413  0.1214453088  0.2902694679  
-0.022121794  -0.1147068444  -0.1372075055  0.03265539468  -0.008049862415  -0.1663015512  0.128050919  -0.09455310156  0.2332847132  
0.0671035662  0.0176526627  -0.07834684459  0.05325509373  -0.0914763682  0.1330555818  0.01705924724  0.0889985722  0.1989694631  
0.01931310351  -0.02480354875  -0.008250931402  -0.1674412503  -0.05756418232  -0.211892435  0.06729108425  -0.007797003793  0.2121902998  
-0.1215132381  -0.02364924763  -0.1239212599  -0.004101274416  -0.06207679428  -0.3143967839  0.03017691962  0.08475596043  0.08678010328  
0.06605435222  0.007718175934  -0.09824519878  0.1033781881  0.07523751858  -0.2612443435  0.2353122558  0.1453761144  -0.4488825766  
0.01089452747  0.07079944784  -0.06176297271  0.2817042557  0.220341564  -0.6164570582  -0.08640274646  0.0214290943  0.07300177988  
0.07611823684  -0.007861089305  -0.03629151119  -0.002321256286  -0.005420450068  0.09251794586  0.01700204178  0.2186277347  0.09780117769  
0.07547328984  -0.1587365382  -0.1050057122  -0.121955042  -0.05420854903  -0.250904754  -0.07374210532  -0.03566949707  0.1335355446  
0.07850635279  0.06051750512  0.08494762173  -0.2885227577  -0.03388561626  -0.2600673923  0.260640201  -0.2267114186  -1.487404338  
0.05569501761  -0.06399070066  -0.06397700129  -0.07262355201  0.03728225035  -0.2106717356  0.1618228446  -0.2310991613  0.4674808991  
0.01955560249  0.007821635999  -0.04722154145  -0.08167923156  -0.02147314798  -0.04697193776  0.3460562754  -0.3397564287  -1.30997496  
0.1804056736  -0.1087977004  0.2307130134  -0.02432331949  0.167683787  -0.1535690244  0.06834388737  0.04051887293  -1.107950704  
0.1116792204  0.05514635327  0.08800445218  0.07789176823  0.01258618715  -0.01467851566  0.09847850384  -0.001440718597  0.2611741197  
-0.06885911756  0.1122263799  -0.1377340446  0.04060836082  -0.03150815249  -0.08352158426  0.1526163661  -0.1424777558  0.05533005481  
0.1056711589  -0.1070267827  0.1482934881  -0.1516321733  -0.1850339786  0.01087306193  -0.008118598506  -0.05601544448  0.2873906502  
-0.01144706143  0.02288014652  -0.162041394  -0.08488456631  0.002835492643  -0.1435650007  0.0277428722  -0.1064446328  0.1901973068  
-0.008022395175  0.0932523604  -0.04637692706  -0.08738810617  -0.113741402  0.05120299165  -0.02160178983  0.07577359383  0.1506011974  
0.01876091971  0.05978672843  0.04707983908  -0.02956389189  -0.02700768375  0.0006020228999  0.07763984957  -0.06085788785  0.2638602722  
-0.007126849341  0.01488234435  0.1743840647  0.02345058127  -0.02688314246  0.02194888698  0.3628644025  -0.1186159179  0.05675249771  
0.1161010724  -0.03537807038  0.09163990402  -0.2278862346  -0.04052421522  -0.07733893048  0.215309724  -0.3068271292  0.4686332915  
-0.03293583234  -0.1042757287  -0.02478928444  -0.2175925785  0.006809127378  -0.07715020056  0.07524687785  -0.2586176539  0.4527749702  
-0.07983696029  -0.08349078937  -0.06593005441  0.07242148981  0.03580117369  -0.2700801248  0.1030321108  -0.1533160763  0.2794730099  
0.02639395429  -0.0501725528  -0.01346149239  -0.04295246489  0.1208102721  -0.3440947488  0.1027823654  -0.1404561658  0.1760245927  
-0.02862841415  -0.01017063789  -0.09682259308  -0.1715166994  -0.0438565105  -0.04869835167  -0.1174057209  0.3708282371  -0.03694928161  
-0.06915520563  0.01166174809  -0.1034274175  -0.192636112  0.107055567  -0.2402563272  0.08646583082  0.05798483926  -0.2135132958  
0.1364924418  0.05898396328  -0.2001655806  -0.1861505567  -0.04933561307  -0.1081780417  0.002940191472  0.03667564586  0.01958050362  
0.004264641541  -0.03032922591  -0.1090945325  0.0193819474  -0.09375576967  -0.1542637904  0.04700325187  0.09221184735  0.05275403577  
0.5927142397  0.5287887877  -0.3036614075  0.06395742207  -0.4234929559  -0.07943161244  0.6724002553  -1.066330911  -1.511151044  
0.07965860189  -0.01783725968  0.03166433694  -0.1212031772  -0.1187797426  -0.01286881871  0.2264442357  -0.3631313502  0.4563873623  
0.1031028284  -0.05966702321  -0.1151385491  0.07641003738  0.04618292841  -0.3266591878  0.1139037818  -0.2382476515  0.1745726591  
-0.04042251039  0.09427743592  0.1395218054  -0.2522734426  0.2780850119  -0.1810156479  -0.002281742114  0.3541194603  -0.8191896659  
-0.1972606709  0.1072112053  -0.01604377157  0.03835262266  0.1524123931  -0.1302420181  0.2048269958  -0.1249243123  -0.2846604527  
0.1330206098  -0.03025027308  0.02547283797  0.2500835912  0.190818851  -0.5736144288  -0.009113706448  0.2680937244  -0.1016234797  
0.3234823434  -0.03549332007  0.4356888471  0.09697061061  0.0856708116  -0.606371456  -0.1962120242  -0.03167115057  -1.11392129  
0.08595613946  -0.1014359945  -0.02856170994  0.1351405789  -0.04043695973  0.03731817436  0.2431608474  0.2528607378  -0.8114964396  
0.07681987397  -0.1181562439  0.02094328379  0.1331399777  0.1593864657  -0.08739666874  0.4313291011  -0.1082958408  -0.6201667735  
0.04609018278  -0.2667532409  0.02515522175  0.06153775646  0.0199837354  -0.1798917692  0.07279115296  -0.1450579381  -0.667126269  
0.001329897369  -0.1225547212  -0.06738586173  0.09784058722  0.05070723931  -0.02593373291  0.1744567131  -0.02328886353  0.04837613601  
-0.06148082111  0.07450042121  -0.09465631783  -0.2159756298  0.1241304249  -0.2884535283  0.0875571693  -0.1935106525  0.299505419  
-0.02329942178  -0.0614662666  0.1945358029  -0.1370824333  0.1769472721  -0.1936872201  0.1120717257  -0.1048419359  0.2807167916  
-0.04170243486  -0.05297078066  -0.06596726172  -0.07301533702  0.2323661656  -0.09647832764  -0.06488485858  0.7510588999  -1.276351586  
0.2831760594  -0.01494357651  0.2913184146  0.3425931156  -0.08840758481  -0.5417036384  -0.5705920215  0.5470858777  -0.5761767285  
-0.0138718269  -0.07502256591  -0.1807863558  0.2385603084  0.3280086562  0.002016502841  0.2120760799  -0.04712565504  -0.5982529287  
0.03513851163  -0.01310694017  -0.0003515368818  0.01938093172  0.09663654599  -0.07283333293  0.1154845447  -0.09356830607  0.3028597333  
-0.07325818493  0.02621331267  0.05351476565  0.1783264424  0.01570939275  0.0877700744  0.4610119582  -0.1574996389  -0.6767029233  
0.05917569956  -0.1927620195  -0.1820562344  -0.2322181449  -0.2526691552  0.0857466285  0.2059429276  0.06190735047  -1.160701776  
-0.007578296229  -0.08001805857  -0.1735505755  -0.03950753746  0.0295502494  -0.07194784148  -0.06122738122  0.2939950006  -0.01905230368  
0.04608958826  0.04712518741  0.05884332517  -0.1465952322  0.01517962708  0.1164144341  0.1431457862  -0.06960755785  0.3476638202  
-0.004281965072  -0.1155161839  -0.01432606527  0.009480167465  -0.1014709439  0.1282268642  0.0612631106  0.1244761938  -0.1525229699  
-0.2302508415  -0.1235905782  -0.04166479881  0.004998327688  0.2037339865  -0.3358568143  0.1842202229  -0.3525606398  -0.2753447183  
0.1517503835  -0.1447618803  0.00112909591  -0.2353230056  -0.02338185006  0.1781615746  0.3413884213  -0.03520840391  -0.8640106016  
0.01901819788  0.207005117  -0.01264704223  0.04712227342  0.2207063283  -0.3421854668  0.1925240179  0.1539044765  -1.119477935  
0.05481045784  0.05208421762  0.1631092262  0.01866492756  0.04002266231  -0.03317715577  0.4527530858  -0.4860025457  0.459644443  
0.1692898272  -0.002266284435  -0.1645753666  -0.04365602126  0.1032441865  -0.3221713847  0.04487295313  -0.1766687807  0.3632565315  
0.07673657555  -0.05801415715  -0.1100786949  0.08352456434  0.03811838524  0.07278622942  0.5771358127  -0.6706168545  -1.231463674  
-0.1402730047  -0.02104143517  -0.06337283566  0.1320615078  -0.0487988588  -0.06139961865  0.3309664367  -0.3859218643  -0.541849524  
-0.1241392629  -0.06126200883  -0.1011077707  -0.01533074381  0.02745428781  -0.185474328  0.1850087232  -0.2675928293  -0.3871262047  
0.08662421358  0.08890486246  0.02729493829  -0.0283470652  0.09847317886  0.1533580796  0.3728532123  -0.09109896909  -0.737483001  
-0.03377639668  0.01080930548  -0.07741385296  0.09735871223  -0.03517892282  -0.4626537952  -0.1570517281  0.3072220216  -0.4495327855  
-0.09651776382  0.06423677214  -0.04028053675  -0.07425406866  -0.02507552212  0.05704601433  0.02912377372  -0.133748672  -0.5974881221  
-0.05416890104  0.1018589742  -0.3667526054  -0.131046248  -0.06136724898  -0.1007880339  0.163384075  -0.4239654479  -0.1069957286  
0.05084816986  0.04635408167  0.008751012502  -0.1588657233  -0.2798860386  0.1587521898  0.05432993198  -0.1107716651  0.3312528928  
0.002719046758  -0.03897644175  -0.07445656888  -0.1772855366  0.03409977161  0.0205258051  0.1783657185  -0.09327794313  0.3139337136  
-0.04091570106  -0.1192705568  -0.07183243993  -0.1906055706  -0.09502624778  -0.1572641557  0.09743256123  -0.1623271915  0.3890933013  
-0.05278405048  0.05399937296  0.005317255596  -0.3049161839  0.1432886302  -0.1567561678  0.337410984  -0.1677414692  -0.2005756499  
0.296458186  0.1592114001  0.1680848276  0.1097490832  -0.2518220623  -0.5321426097  -0.3968257322  0.07551525945  -0.111334338  
0.03483480467  0.02395958322  0.1524556026  -0.1518264114  0.04007672036  -0.01143864919  0.3518641597  -0.3810540268  0.2033311535  
0.0953215882  -0.02536190899  -0.1262246562  -0.5927611448  -0.3023332939  -0.3418319378  0.3301905147  -0.5660070051  -0.5420369057  
-0.06464944951  -0.05694571972  -0.04156750857  0.09549280246  -0.2072300369  -0.005779477609  0.4084772941  -0.1678648904  -0.3585740927  
-0.02082066475  0.06497372755  -0.01950744832  -0.0918128078  -0.1405788141  0.1278971734  -0.05137491545  0.05526899081  0.2599128386  
0.0166486828  -0.08622006305  -0.1581475448  -0.1952829404  -0.09426372814  -0.2219897282  0.02482170774  0.01329503609  0.08049038181  
-0.02895322439  -0.0319569039  0.2267857406  -0.1462371949  -0.06842836261  -0.1296923631  0.2430061108  -0.3482799037  0.5108547147  
-0.07590525314  -0.1176059619  0.01638471729  -0.1146550304  -0.2563941607  -0.2523776611  0.3665316364  -0.3427977034  -0.82267111  
0.2514179012  0.1301447818  -0.09237761677  0.06538920104  0.0106017898  0.3175003997  0.3282377961  -0.2488882643  -0.449769729  
0.03799017602  0.1815630867  0.04521600445  -0.2651925321  0.04064271665  0.009713859986  0.2354947519  0.3376423794  -0.7537692715  
-0.07306315143  -0.06204604  -0.1097212991  -0.07713307657  -0.1084602522  -0.3012988369  0.04668284118  -0.1364331503  0.2898855088  
-0.02617425216  -0.04665868216  -0.1263288885  -0.3816467777  0.06043224478  -0.2915465062  -0.1730559587  0.2690771744  0.1959391651  
-0.05576572156  -0.2565905548  -0.1617519614  0.05839825747  -0.09848206626  0.03736489983  0.1423889291  -0.2978445042  -0.5811867259  
-0.0385846196  0.08310271652  -0.03802427887  -0.1689032733  -0.09992429953  -0.247151524  0.1729593776  -0.2088147541  0.2599162739  
-0.07274040453  -0.1656198398  -0.1200979042  -0.04788800842  -0.1659509211  -0.1023160546  -0.1694281421  -0.079107583  -0.3681398374  
0.1123296926  0.134244195  -0.1420660637  -0.011418124  0.0772757398  -0.3682107615  0.0003563872311  -0.1713289205  0.4136942076  
0.02958779178  0.07468029325  -0.08561425194  -0.1135744834  0.0736598267  -0.09347085913  0.02143500054  0.1052037197  0.3247290794  
0.107659749  0.03884709386  0.08576818534  -0.004791231806  -0.07305683557  -0.3529331317  0.0348782215  0.1959241993  -0.4535465013  
-0.01593440291  -0.1482564216  0.04082830657  0.1796788911  -0.1307911477  -0.01758393011  0.3161436469  -0.5923390585  -0.3001948768  
-0.03069484853  0.0578990486  0.1240604193  -0.08017477073  -0.06353239292  0.1027683575  0.07782424143  -0.1120116375  0.2955752582  
-0.02366565939  0.01449672326  -0.001897699623  -0.1601099349  0.02641725021  -0.09736863854  0.2275143852  0.2141031883  -1.229099748  
0.005552391749  0.01032042225  -0.1835290237  -0.03609144043  -0.07289608877  0.07793103094  -0.02830156763  -0.01203581965  -0.4865843298  
-0.0569227037  -0.03851670719  0.04355509527  0.02475875037  -0.1442095426  -0.1169173729  0.109630044  0.02342740391  0.2394920204  
-0.04129134341  0.04118620859  -0.03173708774  0.1255397483  -0.04708472946  -0.1097489764  0.1022928335  -0.1744538066  0.3923686158  
